user_id,friend_id,created_at,text
"1039062325645328384
",1344621554550890498,2020-12-31 12:28:55,#MasterTrailer release date Poster ?
"1039062325645328384
",1344588889629970433,2020-12-31 10:19:07,Keep Calm and be Don't Confused ğŸ‘ #MasterTrailerUpdate
"1039062325645328384
",1344584551918567426,2020-12-31 10:01:53,#MasterTrailer Holds Whole Movie Cast &amp; CrewğŸ¥
"1039062325645328384
",1344582804894453760,2020-12-31 09:54:56,RECORD ALART : #MasterTrailer ğŸ¤œğŸ¤› ğŸŠâœ¨ @actorvijay @ThalapathyFilms
"1039062325645328384
",1344546719099355137,2020-12-31 07:31:32,#MasterTrailer Jan 1 Evening 5Pm ğŸ¤œğŸ¤› Waiting For Official Annocement ğŸ˜ŠğŸ”¥ #HappyNewYear2021
"1039062325645328384
",1344253084420206593,2020-12-30 12:04:44,"#Master Telugu Poster work

#MasterPongal #MasterTrailer https://t.co/CrklQJqlp1"
"1039062325645328384
",1344226475629797377,2020-12-30 10:19:00,#MasterTrailer Update Koluthunga Daww...ğŸ”¥
"1039062325645328384
",1327603056536547328,2020-11-14 13:23:29,RT @iam_arjundass: #MasterTeaser à®‡à®ªà¯à®ªà®Ÿà®¿ à®‡à®°à¯à®•à¯à®•à¯à®©à®¾ #MasterTrailer à®à®ªà¯à®ªà®Ÿà®¿ à®‡à®°à¯à®•à¯à®•à¯à®®à¯-à®©à¯ à®¯à¯‹à®šà®¿à®šà¯à®šà®¿ à®ªà®¾à®°à¯à®™à¯à®•. à®¨à®¾à®©à¯ Already à®ªà®¾à®¤à¯à®¤à®¾à®šà¯à®šà®¿.. Very soonâ€¦
"1039062325645328384
",1327603000609697792,2020-11-14 13:23:15,#MasterTeaser à®‡à®ªà¯à®ªà®Ÿà®¿ à®‡à®°à¯à®•à¯à®•à¯à®©à®¾ #MasterTrailer à®à®ªà¯à®ªà®Ÿà®¿ à®‡à®°à¯à®•à¯à®•à¯à®®à¯-à®©à¯ à®¯à¯‹à®šà®¿à®šà¯à®šà®¿ à®ªà®¾à®°à¯à®™à¯à®•. à®¨à®¾à®©à¯ Already à®ªà®¾à®¤à¯à®¤à®¾à®šà¯à®šà®¿.. Veryâ€¦ https://t.co/38LpVZrx8G
"1039062325645328384
",1344503525481410561,2020-12-31 04:39:54,#MasterTrailer Soon ğŸ”¥
"1039062325645328384
",1344621000822980609,2020-12-31 12:26:43,#MasterTrailer
"1039062325645328384
",1344561566524477441,2020-12-31 08:30:32,"#MasterTeaser - 2
         (Or)
#MasterTrailer"
"4605077532
",1344225412449062912,2020-12-30 10:14:47,#MasterTrailer is There ! Officially Confirmed By Our #Master Director @Dir_Lokesh in Recent Vikatan Interview.ğŸ”¥ https://t.co/QKT9UCVU2M
"4605077532
",1344130398272425985,2020-12-30 03:57:14,"#MasterTrailer Very Soon! 
#Master"
"4605077532
",1344486041588092928,2020-12-31 03:30:26,"Perfect way to welcome #MasterTrailer ğŸ˜ğŸ”¥

#MasterTeaserHits1MComments"
"4605077532
",1344307200559173633,2020-12-30 15:39:47,"RT @TeamKOVF: Malayalam card design posters for #Master âœ¨ 

#MasterPongal #MasterTrailer #MasterKerala

@actorvijay @Dir_Lokesh 
@anirudhofâ€¦"
"4605077532
",1344223983298703367,2020-12-30 10:09:06,"#MasterTrailer again officially re-confirmed by Director Lokesh himself âœ‹ğŸ˜

Get READY for the fireworks ğŸ˜ğŸ”¥

#Master @actorvijay"
"4605077532
",1344224019898359809,2020-12-30 10:09:15,RT @ActorVijayFC: #MasterTrailer is there! Our #MASTER Director Lokesh Confirmed in Recent Vikatan Interview.ğŸ”¥ğŸ’¯
"1292347863398150144
",1344928663897182208,2021-01-01 08:49:15,"RT @AlterEgo_555: ğŸ’“ Suyanalam illatha pothunalamğŸ’–ğŸ’–
Tag potta dash gala kaanomğŸ§ğŸ§

#Master #MasterTrailer #SelflessActorVIJAY https://t.co/Cgâ€¦"
"1292347863398150144
",1344640126140338176,2020-12-31 13:42:42,"Ha ha ğŸ¤ª 

#MasterTrailer #MasterPongal #master https://t.co/UFAGqFOXZ5"
"1292347863398150144
",1344565819045343232,2020-12-31 08:47:26,#MasterTrailer Loading ğŸ”œ !! https://t.co/jBDqxOOmQe
"1292347863398150144
",1344578476989300743,2020-12-31 09:37:44,"I bought vikatan magazine ğŸ¥³ğŸ¥³ğŸ¥³...
#master @actorvijay #MasterTrailerUpdate https://t.co/rkPHlMK45w"
"1292347863398150144
",1344532835068043266,2020-12-31 06:36:22,"We achieved ğŸ˜ğŸ”¥

1M Comments ğŸ‘‘
#1MCommentsForMasterTeaser 
#Master @actorvijay #MasterTrailerUpdate https://t.co/Uvt92Q5rC6"
"1292347863398150144
",1344265376532598789,2020-12-30 12:53:35,"RT @DharmarajMC: #MasterTrailer à®µà®¾à®°à®¤à¯à®•à¯à®•à¯  à®®à¯à®©à¯à®©à¯à®•à¯à®•à¯ Master Teaser Ku 1 Million Comments  à®ªà®£à¯à®£à®¿à®Ÿà¯à®µà¯‹à®®à¯ Friends ğŸ‘

à®†à®°à®®à¯à®ªà®¿à®•à¯à®•à®²à®¾à®™à¯à®•à®³à®¾?
#Masterâ€¦"
"1292347863398150144
",1344264108284100608,2020-12-30 12:48:33,"RT @DharmarajMC: #MasterTrailer à®•à¯à®•à¯   1 Munites'à®² à®à®¤à¯à®¤à®©à¯ˆ Likes à®•à®¿à®Ÿà¯ˆà®•à¯à®•à¯à®®à¯ ğŸ‘‡

#Master 
#MasterTrailer"
"1292347863398150144
",1344262092128444418,2020-12-30 12:40:32,"RT @DharmarajMC: #Master 
#MasterTrailer ğŸ‘‡"
"1298061149678706688
",1344571948764807168,2020-12-31 09:11:48,"#MasterTrailer Runtime - 2 Minute 20 Sec ğŸ’¥ğŸ’¥ğŸ”¥ğŸ”¥#Master 
@actorvijay"
"1298061149678706688
",1344225412449062912,2020-12-30 10:14:47,#MasterTrailer is There ! Officially Confirmed By Our #Master Director @Dir_Lokesh in Recent Vikatan Interview.ğŸ”¥ https://t.co/QKT9UCVU2M
"1298061149678706688
",1344674568145833988,2020-12-31 15:59:34,"RT @thayoliiiii: à®•à¯‹à®®à®³ à®’à®•à¯à®•ğŸ˜‚ğŸ˜‚ğŸ˜‚

à®à®©à¯à®©à®Ÿà®¾ à®‡à®¤à¯ à®ªà¯‡à®°à¯ à®‡à®¤à¯ğŸ¤£ğŸ¤£ğŸ‘Œ
à®“à®²à¯ğŸ˜‚
à®’à®®à¯à®®à®²à¯‡ğŸ˜‚

#MasterTrailer #Master #MasterTeaserHits1MComments #MasterTeaser #Masteâ€¦"
"1298061149678706688
",1344581188485140480,2020-12-31 09:48:31,"RT @MasterMovieOff: #MasterTeaser - 2
         (Or)
#MasterTrailer"
"1298061149678706688
",1344899610624413697,2021-01-01 06:53:48,@Dir_Lokesh #MasterTrailer https://t.co/u3RNBGRcpi
"1298061149678706688
",1344919906874114048,2021-01-01 08:14:27,"RT @Kettavan__Memes: Pan India Release Without Releasing a Trailer ? #Master ğŸ•´ï¸

@Jagadishbliss @MrRathna @Dir_Lokesh #MasterTrailer !!!"
"2207333779
",1344841440728387585,2021-01-01 03:02:40,"RT @PokkiriRishi123: @archanakalpathi #HappyNewYear2021 
âœ¨ï¸ğŸ’›12 days to goğŸ’›âœ¨ï¸
 #Master
#MasterTrailer https://t.co/Bcmkt6GeiE"
"2207333779
",1344590900391858182,2020-12-31 10:27:06,RT @MasterOfficiaI: Which one you guys want to see ? #MasterTeaser - 2 Or #MasterTrailer ? #Master #ThalapathyVijay
"2207333779
",1344590589661048832,2020-12-31 10:25:52,"RT @MasterOfficiaI: Director #LokeshKanagaraj about #Master Teaser &amp; Trailer! @actorvijay @Dir_Lokesh #MasterTrailer 

Watch Full Interviewâ€¦"
"1234143435365310464
",1344640209535737856,2020-12-31 13:43:02,"98M views loading for #VaathiComing ğŸ”¥ğŸ”¥
ğŸ¤œğŸ¤›âœ¨âœ¨âœ¨ğŸ”¥ğŸ”¥
#MasterTrailer 
#MasterVIJAYEnteringNorth 
#VijayTheMasterâ€¦ https://t.co/gfLyYNrKTj"
"1234143435365310464
",1344626281552379904,2020-12-31 12:47:42,"Don't worry Nanba 
Be Happyyy!!!ğŸ˜ŠğŸ˜Š

#MasterUpdate will come 
#MasterTrailer"
"1234143435365310464
",1344621884579536897,2020-12-31 12:30:13,"Timeline ippo VERITHANAM ğŸ”¥ğŸ”¥ğŸ”¥
#MasterTrailer"
"1234143435365310464
",1344855179548454912,2021-01-01 03:57:15,"RT @ThalapathyNiyas: Annan @imKBRshanthnu And @MrRathna Bro Tweet Ha pathan 

#MasterTrailer La Ovvoru Frame Mum Verithanam Ma Irukka ğŸ˜Š

@Dâ€¦"
"1011420724932669440
",1344890096307163138,2021-01-01 06:16:00,"@HITMAN_DHFM I Don't Know Brother I Think Direct Theatrical Release âœ¨

No Official Confirmation About #MasterTrailer ."
"1011420724932669440
",1344503525481410561,2020-12-31 04:39:54,#MasterTrailer Soon ğŸ”¥
"1140905007882969088
",1344923131832483840,2021-01-01 08:27:16,RT @SSMusicTweet: #MasterTrailer Loading ğŸ”œ !!
"1178574207770230784
",1344915252559839232,2021-01-01 07:55:58,Keep calm Upcoming Days ğŸ˜’ğŸ™#MasterTrailer #Master @actorvijay
"1178574207770230784
",1344910441277886466,2021-01-01 07:36:51,"#Master Pan India Film Without Trailer Superb UnexpectedğŸ˜’
#MasterTrailer @Actorvijay #MasterPongal"
"1178574207770230784
",1344224019898359809,2020-12-30 10:09:15,RT @ActorVijayFC: #MasterTrailer is there! Our #MASTER Director Lokesh Confirmed in Recent Vikatan Interview.ğŸ”¥ğŸ’¯
"1178574207770230784
",1344908286676455424,2021-01-01 07:28:17,"Pan India Release Without Releasing a Trailer ? #Master ğŸ•´ï¸

@Jagadishbliss @MrRathna @Dir_Lokesh #MasterTrailer !!!"
"1178574207770230784
",1344714708167716864,2020-12-31 18:39:04,"RT @iamPojesh: #NewYearWithMaster #MasterTrailer 

#MasterPongal #Master @actorvijay #Thalapathy65"
"780451286797856768
",1344589197064040450,2020-12-31 10:20:20,RT @MasterOfficiaI: Which one you guys want to see ? #MasterTeaser - 2 Or #MasterTrailer ? #Master #ThalapathyVijay
"780451286797856768
",1344538683924508672,2020-12-31 06:59:37,"RT @MasterOfficiaI: Director #LokeshKanagaraj about #Master Teaser &amp; Trailer! @actorvijay @Dir_Lokesh #MasterTrailer 

Watch Full Interviewâ€¦"
"780451286797856768
",1344621078899920896,2020-12-31 12:27:01,RT @MasterMovieOff: #MasterTrailer
"780451286797856768
",1344561669217767424,2020-12-31 08:30:57,"RT @MasterMovieOff: #MasterTeaser - 2
         (Or)
#MasterTrailer"
"780451286797856768
",1344486041588092928,2020-12-31 03:30:26,"Perfect way to welcome #MasterTrailer ğŸ˜ğŸ”¥

#MasterTeaserHits1MComments"
"780451286797856768
",1344307200559173633,2020-12-30 15:39:47,"RT @TeamKOVF: Malayalam card design posters for #Master âœ¨ 

#MasterPongal #MasterTrailer #MasterKerala

@actorvijay @Dir_Lokesh 
@anirudhofâ€¦"
"780451286797856768
",1344223983298703367,2020-12-30 10:09:06,"#MasterTrailer again officially re-confirmed by Director Lokesh himself âœ‹ğŸ˜

Get READY for the fireworks ğŸ˜ğŸ”¥

#Master @actorvijay"
"1046364358748438528
",1344563166521425920,2020-12-31 08:36:54,"Possibility #MasterTrailer Running Time 1Minute 26 Seconds...ğŸ¤œğŸ¤›

#Master #VijayTheMaster #MasterPongal @actorvijay"
"1046364358748438528
",1344705648907309057,2020-12-31 18:03:04,"#MasterTrailer Varuma ?

#Master is a pan Indian movie need time to dubbed in all version will arrive before 5th Jaâ€¦ https://t.co/WVZjAp4NVa"
"1046364358748438528
",1344697674038054912,2020-12-31 17:31:23,#MasterTrailer Update ğŸ”œ
"1046364358748438528
",1344260487588974592,2020-12-30 12:34:10,"ğŸ˜ğŸ˜ğŸ˜

#MasterTrailer @actorvijay https://t.co/ZkKJQPhasp"
"1046364358748438528
",1344912068470665222,2021-01-01 07:43:19,#MasterTrailer https://t.co/T4iuQQdeDl
"2331136454
",1344636859654176768,2020-12-31 13:29:44,"RT @Fairydollyzz: #Master Kerala Expecting In Theaters From Jan 13th !! ğŸ˜

#MasterTrailer @actorvijay https://t.co/Ex6CmsVDxZ"
"2331136454
",1344225412449062912,2020-12-30 10:14:47,#MasterTrailer is There ! Officially Confirmed By Our #Master Director @Dir_Lokesh in Recent Vikatan Interview.ğŸ”¥ https://t.co/QKT9UCVU2M
"2331136454
",1344690872097660933,2020-12-31 17:04:21,@Dr_Ecr_official Ultimate Anna. Amazing #MasterTrailer #Master
"1263118721599418368
",1344635723626868736,2020-12-31 13:25:13,#MasterTrailer ğŸ”¥ğŸ”¥ğŸ”¥
"1263118721599418368
",1344621000822980609,2020-12-31 12:26:43,#MasterTrailer
"1263118721599418368
",1344561566524477441,2020-12-31 08:30:32,"#MasterTeaser - 2
         (Or)
#MasterTrailer"
"1263118721599418368
",1344912830705766401,2021-01-01 07:46:20,RT @TeluguVijayFans: #MasterTrailer https://t.co/T4iuQQdeDl
"1263118721599418368
",1344577159537442821,2020-12-31 09:32:30,Soo #MasterTrailer is confirmed now .!ğŸ˜ Bring the Update Soon @Dir_Lokesh @Jagadishbliss @XBFilmCreators ..!!â¤ï¸ğŸ™ #Master @actorvijay
"1263118721599418368
",1344899631323353088,2021-01-01 06:53:53,"RT @Akshayacutee1: Happy Morning ğŸ’“ğŸ˜
#HAPPYNEWYEAR 
#MasterTrailer #Akshu https://t.co/TiwWHl9zr5"
"2218215972
",1344563166521425920,2020-12-31 08:36:54,"Possibility #MasterTrailer Running Time 1Minute 26 Seconds...ğŸ¤œğŸ¤›

#Master #VijayTheMaster #MasterPongal @actorvijay"
"2218215972
",1344924045641351170,2021-01-01 08:30:54,"RT @TFT_Offl: #MasterTrailer will be released one week before movie release. Trailer will be relased in all language at same time, It's delâ€¦"
"2218215972
",1344923998346301440,2021-01-01 08:30:43,#MasterTrailer will be released one week before movie release. Trailer will be relased in all language at same timeâ€¦ https://t.co/cJJvoK7BFO
"1179335426152095744
",1344687561130835969,2020-12-31 16:51:12,#MasterTrailer ğŸ’¥
"1179335426152095744
",1344618456776232966,2020-12-31 12:16:36,"#MasterTeaser - 2
         (Or)
#MasterTrailer update today Are you expected ğŸ˜‰ ğŸ¤œğŸ’¥ğŸ¤›"
"1179335426152095744
",1344589948561682433,2020-12-31 10:23:19,MasterTeam Confirms that #MasterTrailer Will be New Year Treat. And the Trailer holds whole Cast of the Movieâ€¦ https://t.co/y5OEQgNimz
"1179335426152095744
",1344518491223830530,2020-12-31 05:39:22,"Get ready nanpa ğŸ¤™
#MasterTrailer ğŸ¤œğŸ¤› update today 6 pm"
"1179335426152095744
",1344537390187118592,2020-12-31 06:54:28,"Lokesh Interview is here. 

ğŸ“Œhttps://t.co/KbW9wlKhsA

@actorvijay  || #Master || #MasterPongal #MasterTrailer"
"1142826960936001536
",1343463837173870592,2020-12-28 07:48:33,"RT @TVF_Royals4: Get Ready to Dominate the Social Medias ğŸ”¥ #MasterTrailer Announcement Loading...â³ï¸ğŸ˜

#Master @ActorVijay https://t.co/bGXUâ€¦"
"1142826960936001536
",1343463426190835712,2020-12-28 07:46:55,RT @bussyAnandOff: #MasterTrailer Update Today at 5.00PM ğŸ”¥ğŸ’ª #Master @actorvijay
"1142826960936001536
",1344556286638084096,2020-12-31 08:09:34,RT @XBFilm: #MasterTrailer Expected ğŸ¤œğŸ¤›
"1142826960936001536
",1344314686477533184,2020-12-30 16:09:32,RT @XBFilm: #MasterTrailer Soon...
"1142826960936001536
",1344259658979033088,2020-12-30 12:30:52,RT @XB_FilmCreator: Finally !! #MasterTrailer From JAN 1 6ï¸âƒ£ PM . Advance Happy New Year Nanba Nanbigal ğŸ’¥ğŸ‰ #Master
"1142826960936001536
",1344585332927459331,2020-12-31 10:04:59,#MasterTrailer https://t.co/GRqiOmq6R4
"1142826960936001536
",1344554641757851648,2020-12-31 08:03:01,"#Master Trailer kku wait pantavanga ğŸ˜ RT pannunga 

#MasterTrailer #MasterTeaserHits1MComments https://t.co/veI51d1sgq"
"1142826960936001536
",1344872399192215553,2021-01-01 05:05:41,"RT @VijayImmanuel6: Do we really Need A #MasterTrailer ? ğŸ¤”

I Think Idhukumela Direct Theatre La Partha Dhan Kick Irukum !!

#Master #Enowaâ€¦"
"1142826960936001536
",1342117610226286593,2020-12-24 14:39:08,Now Only Think We Required From #Master Team Is Movie Release Date With The Most Awaited #MasterTrailer Release..!!â€¦ https://t.co/HbkY73lVvB
"1178340371371188224
",1344532003576692739,2020-12-31 06:33:04,"RT @TFK_tm: Unreaveled exclusive snap from #Master 
From #AnandaVikatan Magazine 

#MasterTrailer | @actorvijay https://t.co/taFYNO4ssn"
"1178340371371188224
",1344528293169664000,2020-12-31 06:18:19,"@SigSole #Master #MasterTrailer 

Waiting for tomorrow
ğŸ’¥ğŸ’¥"
"1178340371371188224
",1344526461785391104,2020-12-31 06:11:03,"RT @Rejitha_Vijay: Good morning  friends ğŸ’¥

#MasterTrailer #MasterPongal #MasterUpdate #MasterManiaSoon #MasterTrailerSoon #MasterFromJan13â€¦"
"1178340371371188224
",1344279463912038402,2020-12-30 13:49:34,"RT @TFK_tm: Kerala ğŸŒ´
Verithanam #Verithanam Poster 

#MasterTrailer Soon....

 ğŸ’¥ğŸ’¥#Master | @actorvijay | @KVFC_OfficiaI https://t.co/4FiFeWâ€¦"
"1178340371371188224
",1344277860626829313,2020-12-30 13:43:12,"RT @TFK_tm: #Master Movie Will Be Released In OTT ğŸ™„
Only After 50days Of Release ğŸ˜‰

#MasterTrailer | @actorvijay |"
"1178340371371188224
",1344275266370039808,2020-12-30 13:32:53,*Finally !! #MasterTrailer From JAN 1 6ï¸âƒ£ PM . Advance Happy New Year Nanba Nanbigal ğŸ’¥ğŸ‰ #Master* https://t.co/mQ58rYTcnQ
"1178340371371188224
",1344275142998806528,2020-12-30 13:32:24,*Finally !! #MasterTrailer From JAN 1 6ï¸âƒ£ PM . Advance Happy New Year Nanba Nanbigal ğŸ’¥ğŸ‰ #Master* https://t.co/w48XBw2JC7
"1178340371371188224
",1344275040892686336,2020-12-30 13:31:59,RT @TFK_tm: #MasterTrailer | @actorvijay https://t.co/g7vy6W4vxE
"1178340371371188224
",1344674627042246659,2020-12-31 15:59:48,"RT @thayoliiiii: à®•à¯‹à®®à®³ à®’à®•à¯à®•ğŸ˜‚ğŸ˜‚ğŸ˜‚

à®à®©à¯à®©à®Ÿà®¾ à®‡à®¤à¯ à®ªà¯‡à®°à¯ à®‡à®¤à¯ğŸ¤£ğŸ¤£ğŸ‘Œ
à®“à®²à¯ğŸ˜‚
à®’à®®à¯à®®à®²à¯‡ğŸ˜‚

#MasterTrailer #Master #MasterTeaserHits1MComments #MasterTeaser #Masteâ€¦"
"1178340371371188224
",1342129094285172738,2020-12-24 15:24:46,"RT @itz_expiry1: Take SS ğŸ‘

#MasterTrailer Update Will Be Out On Tomorrow Evening â¤ï¸ğŸ‘

 I Request All Thalapathy Fans Come Online And Partiâ€¦"
"1178340371371188224
",1344860449502679041,2021-01-01 04:18:12,RT @Actress_Ramya: #MasterTrailer ğŸ”¥ğŸ”¥ğŸ”¥
"1178340371371188224
",1344797817085153280,2021-01-01 00:09:19,RT @MasterMovieOff: #MasterTrailer
"1178340371371188224
",1344673160742936577,2020-12-31 15:53:58,"RT @MasterMovieOff: #MasterTeaser - 2
         (Or)
#MasterTrailer"
"1178340371371188224
",1344273364307701761,2020-12-30 13:25:20,"#ThalapathyVijay  New oneâ¤ï¸ @actorvijay
#Master #MasterTrailer https://t.co/vKeJy3glSB"
"896732107845779456
",1344130398272425985,2020-12-30 03:57:14,"#MasterTrailer Very Soon! 
#Master"
"1081570222400663552
",1344925304309968898,2021-01-01 08:35:54,"#Master #MasterTrailer
#Thalapathy #Makkalselvan https://t.co/pjr5GCueQ0"
"1081570222400663552
",1344924784434397184,2021-01-01 08:33:50,"RT @dp_karthik: Video Promo for #MasterTrailer update or a poster ?

#Master"
"1081570222400663552
",1344286342050582529,2020-12-30 14:16:54,"#MasterTrailer Update will be announced soon - This is the update ğŸ˜ 

#Master @actorvijay"
"1081570222400663552
",1344286245908672514,2020-12-30 14:16:31,"RT @a2studoffl: #MasterTrailer Very Soon! 
#Master"
"1081570222400663552
",1344928663897182208,2021-01-01 08:49:15,"RT @AlterEgo_555: ğŸ’“ Suyanalam illatha pothunalamğŸ’–ğŸ’–
Tag potta dash gala kaanomğŸ§ğŸ§

#Master #MasterTrailer #SelflessActorVIJAY https://t.co/Cgâ€¦"
"1081570222400663552
",1344640126140338176,2020-12-31 13:42:42,"Ha ha ğŸ¤ª 

#MasterTrailer #MasterPongal #master https://t.co/UFAGqFOXZ5"
"1081570222400663552
",1344565819045343232,2020-12-31 08:47:26,#MasterTrailer Loading ğŸ”œ !! https://t.co/jBDqxOOmQe
"1081570222400663552
",1344914183087788032,2021-01-01 07:51:43,"RT @JonnesVasanth: #MasterTrailer Update à®µà¯‡à®£à¯à®®à¯ - Like 

#MasterTralier Update à®µà¯‡à®£à®¾à®®à¯ directa à®ªà®Ÿà®®à¯ à®ªà®¾à®•à¯à®•à®£à¯à®®à¯ - Rt 

#SelflessActorVIJAY #Maâ€¦"
"1081570222400663552
",1343587734229635073,2020-12-28 16:00:53,"RT @TVF_Royals4: #MasterTrailer is Trending in India Trends. ğŸ¥ ğŸ˜ğŸ˜ğŸ”¥

Seems Like so many Thalalathy Fans are expecting Trailer update  ğŸ˜â¤ï¸â€¦"
"1081570222400663552
",1344901650150871041,2021-01-01 07:01:55,RT @Mohamme66400938: @Dir_Lokesh #MasterTrailer https://t.co/u3RNBGRcpi
"1081570222400663552
",1344901637723234304,2021-01-01 07:01:52,"RT @Vijayudhaya7: @Dir_Lokesh #MasterTrailer Waiting ya ğŸ˜ğŸ™ŒğŸ”¥

Happy New year anna oru reply panna mudiyuma ğŸ™ğŸ™ğŸ™"
"1081570222400663552
",1344640981220511746,2020-12-31 13:46:06,RT @Cow_Boy_VFC: à®à®µà®© à®ªà®¾à®°à¯à®¤à¯à®¤à®¾à®²à¯à®®à¯ #MasterTrailer à®ªà®¤à¯à®¤à®¿à®¤à®¾à®©à¯ à®Ÿà¯à®µà®¿à®Ÿà¯ à®ªà¯‹à®Ÿà¯à®Ÿà¯à®Ÿà¯à®Ÿà¯ à®‡à®°à¯à®•à¯à®•à®¾à®™à¯à®• à®à®ªà¯à®ªà®Ÿà®¾ à®…à®ªà¯à®Ÿà¯‡à®Ÿà¯ Trailer à®µà®¿à®Ÿà¯à®µà®¾à®©à¯à®™à¯à®•à®©à¯ à®‡à®°à¯à®•à¯à®•à¯ ğŸ˜¢
"4915960573
",1344872824687611905,2021-01-01 05:07:22,"RT @Sakthii_VFC: à®‡à®©à¯à®©à¯ˆà®•à¯à®•à¯ #MasterTrailer à®…à®ªà¯à®Ÿà¯‡à®Ÿà¯ à®µà®°à®²à®©à®¾ à®¨à®¾ à®Ÿà¯à®µà®¿à®Ÿà¯à®Ÿà®°à¯ à®µà®¿à®Ÿà¯à®Ÿà¯‡ à®ªà¯‹à®¯à¯à®°à¯à®µà¯‡à®©à¯ ..

à®‡à®¤à¯ à®¤à®² à®…à®œà®¿à®¤à¯ à®®à¯‡à®² à®šà®¤à¯à®¤à®¿à®¯à®®à¯ .. ğŸ’¯

#Master @actorviâ€¦"
"4915960573
",1344871764250169344,2021-01-01 05:03:09,"RT @_manivj: #MasterPromo Video Is Comming Soon

#Master #MasterPongal #MasterTrailer https://t.co/PwLjacs4dC"
"4915960573
",1344602249062973441,2020-12-31 11:12:12,RT @SSMusicTweet: #MasterTrailer Loading ğŸ”œ !!
"4915960573
",1344649492067303424,2020-12-31 14:19:55,"#NewYearWithMaster 

#MasterTrailer Update ğŸ”œ
@XBFilmCreators 
@Dir_Lokesh"
"1080800582925836288
",1344547107961638913,2020-12-31 07:33:05,"RT @sunnewstamil: à®°à®šà®¿à®•à®°à¯à®•à®³à¯à®•à¯à®•à¯ à®ªà¯à®¤à¯à®¤à®¾à®£à¯à®Ÿà¯ à®µà®¿à®°à¯à®¨à¯à®¤à®¾à®• à®…à®®à¯ˆà®¨à¯à®¤ à®®à®¾à®¸à¯à®Ÿà®°à¯ à®ªà®Ÿà®¤à¯à®¤à®¿à®©à¯ à®ªà¯à®¤à®¿à®¯ à®ªà¯‹à®¸à¯à®Ÿà®°à¯à®•à®³à¯!

#SunNews | #MasterTrailer | @actorvijay httâ€¦"
"1080800582925836288
",1344546058794225664,2020-12-31 07:28:55,RT @SSMusicTweet: #MasterTrailer Loading ğŸ”œ !!
"1080800582925836288
",1344925168381124609,2021-01-01 08:35:22,"RT @Sakthii_VFC: à®‡à®©à¯à®©à¯ˆà®•à¯à®•à¯ #MasterTrailer à®…à®ªà¯à®Ÿà¯‡à®Ÿà¯ à®µà®°à®²à®©à®¾ à®¨à®¾ à®Ÿà¯à®µà®¿à®Ÿà¯à®Ÿà®°à¯ à®µà®¿à®Ÿà¯à®Ÿà¯‡ à®ªà¯‹à®¯à¯à®°à¯à®µà¯‡à®©à¯ ..

à®‡à®¤à¯ à®¤à®² à®…à®œà®¿à®¤à¯ à®®à¯‡à®² à®šà®¤à¯à®¤à®¿à®¯à®®à¯ .. ğŸ’¯

#Master @actorviâ€¦"
"1080800582925836288
",1344590900391858182,2020-12-31 10:27:06,RT @MasterOfficiaI: Which one you guys want to see ? #MasterTeaser - 2 Or #MasterTrailer ? #Master #ThalapathyVijay
"1080800582925836288
",1344590589661048832,2020-12-31 10:25:52,"RT @MasterOfficiaI: Director #LokeshKanagaraj about #Master Teaser &amp; Trailer! @actorvijay @Dir_Lokesh #MasterTrailer 

Watch Full Interviewâ€¦"
"1080800582925836288
",1343758665879224321,2020-12-29 03:20:06,"RT @MrKettavanOffl: Good Morning frds ;) ğŸ˜ğŸ™

Ellorum Comments Pannunga ğŸŒŸ

#MasterVIJAYEnteringNorth #Master
#MasterTrailer 

Master Teaserâ€¦"
"1279022155133411328
",1344757762576695297,2020-12-31 21:30:09,"RT @VIJAY_PrakHasck: Wish you a Happy NewYear
May all ur wish come true this yr â¤ï¸

#HappyNewYear #NewYear2021 #Master #MasterTrailer @actoâ€¦"
"1279022155133411328
",1344418937136508928,2020-12-30 23:03:47,"RT @sunnewstamil: à®°à®šà®¿à®•à®°à¯à®•à®³à¯à®•à¯à®•à¯ à®ªà¯à®¤à¯à®¤à®¾à®£à¯à®Ÿà¯ à®µà®¿à®°à¯à®¨à¯à®¤à®¾à®• à®…à®®à¯ˆà®¨à¯à®¤ à®®à®¾à®¸à¯à®Ÿà®°à¯ à®ªà®Ÿà®¤à¯à®¤à®¿à®©à¯ à®ªà¯à®¤à®¿à®¯ à®ªà¯‹à®¸à¯à®Ÿà®°à¯à®•à®³à¯!

#SunNews | #MasterTrailer | @actorvijay httâ€¦"
"1279022155133411328
",1344418733796728832,2020-12-30 23:02:58,"RT @INOXMovies: Coming soon: #MasterTrailer 

#Master #MasterInHindi #MasterUpdate #MasterPongal #Thalapathy65 #ThalapathyVijay @actorvijayâ€¦"
"1279022155133411328
",1342129094285172738,2020-12-24 15:24:46,"RT @itz_expiry1: Take SS ğŸ‘

#MasterTrailer Update Will Be Out On Tomorrow Evening â¤ï¸ğŸ‘

 I Request All Thalapathy Fans Come Online And Partiâ€¦"
"1279022155133411328
",1344623016269869056,2020-12-31 12:34:43,"Update At 12:00 AM ğŸ‘ 

Get Ready Folks :) #MasterTrailer"
"1279022155133411328
",1344622828167987200,2020-12-31 12:33:58,"No update no celebration

#MasterTrailer"
"1279022155133411328
",1344607885288902658,2020-12-31 11:34:36,"Get Ready #MasterTrailer Update Announcement Locked ğŸ’¥ğŸ•›ğŸ’¯

12.00 AM ğŸ•º

#Master @actorvijay https://t.co/0xUcYeywhS"
"1279022155133411328
",1344583278871805952,2020-12-31 09:56:49,RT @SSMusicTweet: #MasterTrailer Loading ğŸ”œ !!
"1279022155133411328
",1344516495938711554,2020-12-31 05:31:27,RT @DheenaActor: #MasterTrailer Soon ğŸ”¥
"1279022155133411328
",1344264164479365120,2020-12-30 12:48:46,RT @XB_FilmCreator: Finally !! #MasterTrailer From JAN 1 6ï¸âƒ£ PM . Advance Happy New Year Nanba Nanbigal ğŸ’¥ğŸ‰ #Master
"1279022155133411328
",1344264137744871424,2020-12-30 12:48:40,RT @rasiganmaster: Finally !! #MasterTrailer From JAN 1 6ï¸âƒ£ PM . Advance Happy New Year Nanba Nanbigal ğŸ’¥ğŸ‰ #Master
"1279022155133411328
",1344877095646683138,2021-01-01 05:24:20,"à®à®©à¯à®©à®©à¯à®¤à®¾à®©à¯ à®‡à®±à®™à¯à®•à®¿ à®ªà®¾à®¤à¯à®¤à¯à®°à¯à®µà¯‹à®®à¯ğŸ”¥ğŸ”¥
#HappyNewYear2021 
#MasterTrailer #MasterPongal https://t.co/ijj9cS7lFs"
"1034439563882754048
",1344621114887032832,2020-12-31 12:27:10,RT @MasterMovieOff: #MasterTrailer
"1034439563882754048
",1344561727522803712,2020-12-31 08:31:11,"RT @MasterMovieOff: #MasterTeaser - 2
         (Or)
#MasterTrailer"
"965142526163341312
",1344285032886636546,2020-12-30 14:11:42,"RT @Thalapathy2k1: Years will change but cuteness level neber change ğŸ˜ğŸ¤—â¤ï¸

#Master #MasterTrailer #MasterPongal  #MasterUpdate https://t.coâ€¦"
"965142526163341312
",1344284963093377028,2020-12-30 14:11:25,"RT @Fairydollyzz: #Master Malayalam Poster Is Released Now !! ğŸ˜It Will Be A Malayalam Dubbed Release !! 

#MasterTrailer @actorvijay https:â€¦"
"965142526163341312
",1343901553132929026,2020-12-29 12:47:53,RT @Itz_MersalImran: à®“à®Ÿà®¿ à®µà®¨à¯à®¤à¯‡à®©à¯ @XBFilmCreators Notifications à®ªà®¾à®°à¯à®¤à¯à®¤à¯à®Ÿà¯à®Ÿà¯ #MasterTrailer à®…à®ªà¯à®Ÿà¯‡à®Ÿà¯à®©à¯ à®¨à®¿à®©à¯ˆà®šà¯à®šà¯ ğŸ˜¢ğŸ˜¢ à®•à®Ÿà¯ˆà®šà®¿à®² à®ªà®¾à®°à¯à®Ÿà¯à®©à®°à¯ announceâ€¦
"965142526163341312
",1342339956266549250,2020-12-25 05:22:39,"RT @nasuru2012: It's Dec 25 th , Christmas special Surprise from #Master Team â³

Expecting #MasterTrailer release date with a special posteâ€¦"
"4364521152
",1344676190062198785,2020-12-31 16:06:01,"RT @VGMediaworks: Thanks To All For Your Wonderful Support.
To End The Year Of On a High, Here is my #Master Fan Made! â¤ï¸ğŸ”¥
#MasterTrailer #â€¦"
