user_id,follower_id,created_at,text
"970132357847113728
",1344919701604876288,2021-01-01 08:13:38,"RT @Avinashanenenu: Massive poster â¤ï¸âœŒï¸

13 days to for for #Master movie ğŸ”¥ğŸ”¥

#MasterTrailer @actorvijay https://t.co/aqz8AuIku0"
"970132357847113728
",1344917050683113474,2021-01-01 08:03:06,"RT @MasterNiroshan: #HappyNewYear 2 ğŸ˜· 2 ğŸ’‰

#MasterTrailerUpdate #MasterPongal2021 #VijayTheMaster 
#Master @actorvijay #Thalapathy65 https:â€¦"
"970132357847113728
",1344734599889338370,2020-12-31 19:58:07,"#HappyNewYear 2 ğŸ˜· 2 ğŸ’‰

#MasterTrailerUpdate #MasterPongal2021 #VijayTheMaster 
#Master @actorvijay #Thalapathy65 https://t.co/DDoRqJVQ39"
"970132357847113728
",1344265950984433665,2020-12-30 12:55:52,Finally !! #MasterTrailer From JAN 1 6ï¸âƒ£ PM . Advance Happy New Year Nanba Nanbigal ğŸ’¥ğŸ‰ #Master
"970132357847113728
",1344906343195365377,2021-01-01 07:20:34,RT @Master_Chenna07: @XBFilmCreators #MasterTrailer Update ğŸš¶â€â™‚ï¸ğŸš¶â€â™‚ï¸ https://t.co/1kSkJYJ6li
"970132357847113728
",1344514019621793793,2020-12-31 05:21:36,"2020 signing off with master exclusive HD stillsğŸ”¥

2021 begining with #MasterTrailer ğŸ’¥ğŸ’¥ğŸ’¥

Wait for itğŸ¤—.
#Master @actorvijay"
"970132357847113728
",1344530830614433793,2020-12-31 06:28:24,RT @VijayFansTMOff: #MasterTrailer  Update On The Way !!! ğŸ”¥
"970132357847113728
",1344530783151669248,2020-12-31 06:28:13,"RT @s71479197: #Master #MasterTrailer #MasterPongal 
Fan Made Poster https://t.co/0uWOsdTZy4"
"970132357847113728
",1344530706609758210,2020-12-31 06:27:55,"#Master #MasterTrailer #MasterPongal 
Fan Made Poster https://t.co/0uWOsdTZy4"
"970132357847113728
",1344246294265483264,2020-12-30 11:37:46,"RT @VijayImmanuel6: Surprise In 15 Mins !!  ğŸ’¥ğŸ˜

Get Ready !!

#EnowaytionPlus #EPlusSquad #TherikkumThalapathy #Master #MasterTrailer"
"1039062325645328384
",1344246566467452929,2020-12-30 11:38:50,"RT @Harish_1397: We Can expect #MasterTrailer release date to be revealed today at 6 pm. Stay tuned ğŸ™Œ

#Master @actorvijay
https://t.co/st0â€¦"
"1039062325645328384
",1344246465212739584,2020-12-30 11:38:26,"RT @TeamTDS_Offl: #MasterTrailer Confirmed by @Dir_Lokesh in @AnandaVikatan interview ğŸ”¥ğŸ’¥ğŸ’¥

#MasterTrailerSoon ğŸ”œ @actorvijay https://t.co/aUâ€¦"
"1039062325645328384
",1344245687983034368,2020-12-30 11:35:21,"RT @vijiofficial: à®‡à®¤à¯†à®²à¯à®²à®¾à®®à¯ à®ªà®¾à®¤à¯à®¤à¯à®Ÿà¯à®Ÿà¯ à®à®ªà¯à®ªà®Ÿà®¿ à®ªà¯‹à®¸à¯à®Ÿà¯ à®ªà¯‹à®Ÿà®¾à®® à®‡à®°à¯à®•à¯à®•à®¿à®±à®¤à¯..ğŸ˜ğŸ˜ğŸ˜ @actorvijay
#Master #MasterTrailer https://t.co/oN7w0VzjSW"
"1039062325645328384
",1344244366219513861,2020-12-30 11:30:06,RT @MasterOfficiaI: #MasterTrailer will have Dialogues Spoken by Thalapathy @actorvijay ğŸ”¥ #LokeshKanagaraj https://t.co/m7obm9bVxu
"1039062325645328384
",1344266531723567104,2020-12-30 12:58:11,"RT @itz_expiry1: à®‰à®™à¯à®• à®à®²à¯à®²à®¾à®°à¯à®•à¯à®•à®¿à®Ÿà¯à®Ÿà®¯à¯à®®à¯ à®’à®°à¯ à®µà®¿à®šà®¯à®®à¯ à®šà¯Šà®²à¯à®²à®©à¯à®®à¯ ?ğŸ˜• 

#Master @actorvijay #MasterTrailer"
"1039062325645328384
",1344265490860916737,2020-12-30 12:54:02,RT @Official_Tvmp: #MasterTrailer
"1039062325645328384
",1344242311257997316,2020-12-30 11:21:56,"RT @itz_expiry1: 6 à®®à®£à®¿à®•à¯à®•à¯à®³à¯à®³ à®…à®ªà¯à®Ÿà¯‡à®Ÿà¯ à®µà®°à®²à®©à®¾ 2 à®¨à®¾à®³à¯ˆà®•à¯à®•à¯ à®†à®©à¯à®²à¯ˆà®©à¯ à®µà®°à®®à®¾à®Ÿà¯à®Ÿà¯‡à®©à¯ â¤ğŸ‘

à®…à®œà®¿à®¤à¯ à®®à¯‡à®² à®šà®¤à¯à®¤à®¿à®¯à®®à¯..ğŸ”ğŸ‘

#MasterTrailer @actorvijay #Master"
"4605077532
",1344655336175587329,2020-12-31 14:43:09,RT @XBFilm: #MasterTrailer Expected ğŸ¤œğŸ¤›
"4605077532
",1344655319587164161,2020-12-31 14:43:05,"RT @TAKerala_off: #NewYearWithMaster

#MasterTrailer Announcement On Tommorrow ğŸ’¥"
"4605077532
",1344584874632462339,2020-12-31 10:03:09,RT @SriLankaVijayFc: #MasterTrailer is There ! Officially Confirmed By Our #Master Director @Dir_Lokesh in Recent Vikatan Interview.ğŸ”¥ httpsâ€¦
"1292347863398150144
",1344928663897182208,2021-01-01 08:49:15,"RT @AlterEgo_555: ğŸ’“ Suyanalam illatha pothunalamğŸ’–ğŸ’–
Tag potta dash gala kaanomğŸ§ğŸ§

#Master #MasterTrailer #SelflessActorVIJAY https://t.co/Cgâ€¦"
"1292347863398150144
",1344640126140338176,2020-12-31 13:42:42,"Ha ha ğŸ¤ª 

#MasterTrailer #MasterPongal #master https://t.co/UFAGqFOXZ5"
"1292347863398150144
",1344941491907543040,2021-01-01 09:40:14,"RT @dp_karthik: Video Promo for #MasterTrailer update or a poster ?

#Master"
"1292347863398150144
",1344578476989300743,2020-12-31 09:37:44,"I bought vikatan magazine ğŸ¥³ğŸ¥³ğŸ¥³...
#master @actorvijay #MasterTrailerUpdate https://t.co/rkPHlMK45w"
"1292347863398150144
",1344532835068043266,2020-12-31 06:36:22,"We achieved ğŸ˜ğŸ”¥

1M Comments ğŸ‘‘
#1MCommentsForMasterTeaser 
#Master @actorvijay #MasterTrailerUpdate https://t.co/Uvt92Q5rC6"
"1292347863398150144
",1344265376532598789,2020-12-30 12:53:35,"RT @DharmarajMC: #MasterTrailer à®µà®¾à®°à®¤à¯à®•à¯à®•à¯  à®®à¯à®©à¯à®©à¯à®•à¯à®•à¯ Master Teaser Ku 1 Million Comments  à®ªà®£à¯à®£à®¿à®Ÿà¯à®µà¯‹à®®à¯ Friends ğŸ‘

à®†à®°à®®à¯à®ªà®¿à®•à¯à®•à®²à®¾à®™à¯à®•à®³à®¾?
#Masterâ€¦"
"1292347863398150144
",1344264108284100608,2020-12-30 12:48:33,"RT @DharmarajMC: #MasterTrailer à®•à¯à®•à¯   1 Munites'à®² à®à®¤à¯à®¤à®©à¯ˆ Likes à®•à®¿à®Ÿà¯ˆà®•à¯à®•à¯à®®à¯ ğŸ‘‡

#Master 
#MasterTrailer"
"1292347863398150144
",1344262092128444418,2020-12-30 12:40:32,"RT @DharmarajMC: #Master 
#MasterTrailer ğŸ‘‡"
"1292347863398150144
",1344887563329236994,2021-01-01 06:05:56,"RT @Travis_bickle3: à®…à®£à¯à®£à®©à¯ â™¥ï¸ @actorvijay 

@Dir_Lokesh @MrRathna @imKBRshanthnu
@Actor_Mahendran 
#Master #MasterTrailer #MasterPongal httâ€¦"
"1292347863398150144
",1344886890047016961,2021-01-01 06:03:16,"à®…à®£à¯à®£à®©à¯ â™¥ï¸ @actorvijay 

@Dir_Lokesh @MrRathna @imKBRshanthnu
@Actor_Mahendran 
#Master #MasterTrailer #MasterPongal https://t.co/jsFPV3KZze"
"1292347863398150144
",1344702460405768192,2020-12-31 17:50:24,"@BoneyKapoor @Nallavan_Memez Boney mams mass panrapla ğŸ˜‚

#Master | #MasterTrailer https://t.co/uJ2WguxhGX"
"1292347863398150144
",1344621876329385988,2020-12-31 12:30:11,"RT @SuryanFM: #Master #Teaser hits #1Million Comments and Making Record ğŸ”¥ğŸ”¥ğŸ”¥

#MasterTeaserHits1MComments #MasterTrailer 
#MasterTeaser #Thaâ€¦"
"1298061149678706688
",1344462680560525312,2020-12-31 01:57:36,G m r friends enna nanba allrum oru like podu apdiya comment panuga #MasterTrailer #MasterPongal #MasterUpdate https://t.co/DRBWciAv52
"1298061149678706688
",1344621738584227840,2020-12-31 12:29:38,RT @ThalapathyFilms: #MasterTrailer release date Poster ?
"1298061149678706688
",1344617260552339456,2020-12-31 12:11:51,RT @MasterMovieOffi: #MasterTrailer Update On The Way !
"1298061149678706688
",1344612066724724737,2020-12-31 11:51:13,RT @varathan_0712: #MasterTrailer #MasterTeaserHits1MComments #Master #MasterTrailer #Masterfont .... Yarukulam inda. Mari venum ğŸ¤œğŸ¤› https:/â€¦
"1298061149678706688
",1344241646641188864,2020-12-30 11:19:18,"RT @Gurusaagar: Follow this ID  , Follow Back ğŸ’¯ğŸ’¯
And Subscribe His YouTube Channel  Nanbaa . ğŸ™ğŸ™

#MasterTrailer 
#Master @actorvijay"
"1298061149678706688
",1344254725894537216,2020-12-30 12:11:16,"#MasterTrailer
#MasterPongal
#MasterUAcertified https://t.co/qsqBeKaTdm"
"1298061149678706688
",1344246587111817216,2020-12-30 11:38:55,"Koluthunga dağŸ”¥ğŸ”¥ğŸ”¥
#Vaathi_Coming
#MasterTrailer
#Master
#ThalapathyVijay https://t.co/SRdWa1E0Oe"
"1298061149678706688
",1344245129012367360,2020-12-30 11:33:08,"à®¤à®²à¯ˆà®µà®©à¯ à®µà¯‡à®± à®°à®•à®®à¯ à®ªà®¾à®¤à¯à®¤à¯ à®‰à®·à®¾à®°à¯ğŸ˜‚ğŸ”¥
#à®šà¯†à®à¯à®šà®¿à®Ÿà®¾_à®ªà¯‹à®šà¯à®šà®¿ğŸ¤£
#MasterTrailer
#Master
#VijayTheMaster
@Dir_Lokesh ğŸ”¥ğŸ”¥
@actorvijayâ€¦ https://t.co/o2bQZQW9pf"
"1298061149678706688
",1344243881001451520,2020-12-30 11:28:10,"Koora nirkkum kathi
Kannukkula milirumğŸ”¥
Thaarumaara ghilli
Pera ketta adhirumâ¤ï¸ğŸ’ª
#MasterTrailer
#Masterâ€¦ https://t.co/Rz3txyhEuW"
"1298061149678706688
",1344242585783570440,2020-12-30 11:23:01,"Terrific freak ğŸ”¥vs Handsome freakğŸ˜
#MasterTrailer #MasterUpdate
#Master https://t.co/QvReJZ78gc"
"1298061149678706688
",1344240850927161346,2020-12-30 11:16:08,"RT @Thalapathy2k1: Fire look ğŸ”¥ğŸ”¥ğŸ”¥

#Master #MasterTrailer 
#MasterPongal #MasterUpdate https://t.co/d5jYriAj4K"
"1298061149678706688
",1344237933889376256,2020-12-30 11:04:32,RT @Kameshw11045674: Exclusive pics from master #MasterTrailer #master #MasterPongal https://t.co/kvEz7fTVSD
"1298061149678706688
",1344825782254727168,2021-01-01 02:00:26,"RT @MathusLee: à®‡à®¨à¯à®¤ à®®à®¾à®¸à¯à®Ÿà®°à¯ Trailer à®µà®°à¯à®®à®¾ à®µà®°à®¾à®¤à®¾ ??

à®µà®°à¯à®µà®¤à¯à®•à¯à®•à¯ à®à®¤à®¾à®µà®¤à¯ à®…à®±à®¿à®•à¯à®±à®¿à®•à®³à¯ à®‡à®°à¯à®•à¯à®•à®¾ ??

à®¯à®¾à®°à®¾à®µà®¤à¯ à®šà¯Šà®²à¯à®²à¯à®™à¯à®•à®ªà¯à®ªà®¾ ğŸ˜’ğŸ˜

#MasterTrailer #Happâ€¦"
"1298061149678706688
",1344571948764807168,2020-12-31 09:11:48,"#MasterTrailer Runtime - 2 Minute 20 Sec ğŸ’¥ğŸ’¥ğŸ”¥ğŸ”¥#Master 
@actorvijay"
"2207333779
",1344522451347066880,2020-12-31 05:55:07,RT @bussyAnandOff: à®¤à®¯à®¾à®°à®¾à®•à®µà¯à®³à¯à®³à®¤à¯ #MasterTrailer ğŸ”¥ğŸ”¥
"2207333779
",1343520039798902784,2020-12-28 11:31:53,RT @bussyAnandOff: #MasterTrailer Update Today at 5.00PM ğŸ”¥ğŸ’ª #Master @actorvijay
"1234143435365310464
",1344547544764878848,2020-12-31 07:34:49,RT @ThalapathyFilms: #MasterTrailer Jan 1 Evening 5Pm ğŸ¤œğŸ¤› Waiting For Official Annocement ğŸ˜ŠğŸ”¥ #HappyNewYear2021
"1234143435365310464
",1344536914724966400,2020-12-31 06:52:35,RT @XBFilm: #MasterTrailer Expected ğŸ¤œğŸ¤›
"1234143435365310464
",1344332691357847553,2020-12-30 17:21:04,"Vaathi Coming ğŸ¤©ğŸ¤©ğŸ¤©
#MasterTrailer  #MasterPongal  #Master https://t.co/y0vgazgOH6"
"1234143435365310464
",1344329752576892931,2020-12-30 17:09:24,"RT @rayappan007: Follow me nanbaz 100 % follow back 

#MasterTrailer #Master https://t.co/VTYJVOltOd"
"1234143435365310464
",1344596638233366528,2020-12-31 10:49:54,"à®ªà®¾à®°à®¤à®¿ à®•à®£à¯à®Ÿ à®ªà¯à®¤à¯à®®à¯ˆ à®ªà¯†à®£à¯ğŸ¤£

#MasterTrailer #Master https://t.co/zDR6EkVRHC"
"1234143435365310464
",1344329584863453189,2020-12-30 17:08:44,"Follow me nanbaz 100 % follow back 

#MasterTrailer #Master https://t.co/VTYJVOltOd"
"1234143435365310464
",1344946553891352576,2021-01-01 10:00:21,"RT @dp_karthik: Video Promo for #MasterTrailer update or a poster ?

#Master"
"1234143435365310464
",1344926033758195712,2021-01-01 08:38:48,RT @Itz_MersalImran: Keep calm Upcoming Days ğŸ˜’ğŸ™#MasterTrailer #Master @actorvijay
"1234143435365310464
",1344241685581029377,2020-12-30 11:19:27,"à®‡à®¤à¯†à®²à¯à®²à®¾à®®à¯ à®ªà®¾à®¤à¯à®¤à¯à®Ÿà¯à®Ÿà¯ à®à®ªà¯à®ªà®Ÿà®¿ à®ªà¯‹à®¸à¯à®Ÿà¯ à®ªà¯‹à®Ÿà®¾à®® à®‡à®°à¯à®•à¯à®•à®¿à®±à®¤à¯..ğŸ˜ğŸ˜ğŸ˜ @actorvijay
#Master #MasterTrailer https://t.co/oN7w0VzjSW"
"1234143435365310464
",1344238925158617088,2020-12-30 11:08:29,"#Master HD ğŸ˜ 
#MasterTrailer @actorvijay https://t.co/mHhxDsC9hH"
"1234143435365310464
",1344234643655016449,2020-12-30 10:51:28,"à®‡à®¤à¯†à®²à¯à®²à®¾à®®à¯ à®ªà®¾à®¤à¯à®¤à¯à®Ÿà¯à®Ÿà¯ à®à®ªà¯à®ªà®Ÿà®¿ à®ªà¯‹à®¸à¯à®Ÿà¯ à®ªà¯‹à®Ÿà®¾à®® à®‡à®°à¯à®•à¯à®•à®¿à®±à®¤à¯ ğŸ˜

#Master @actorvijay 
#MasterTrailer 
#AnandaVikatanMedai https://t.co/3pO6jyvJhX"
"1234143435365310464
",1344233593963388930,2020-12-30 10:47:18,"à®¤à¯†à®±à®¿ ğŸ”¥

#MasterTrailer #Master 
#AnandaVikatanMedai https://t.co/OrgB4I0LZV"
"1234143435365310464
",1343572296821141506,2020-12-28 14:59:32,"Unreleased Song or #MasterTrailer

What new year surprise â£ï¸ 

#Master @actorvijay 
#SaviourOfKollywoodVIJAY https://t.co/V1FF1EEW4C"
"1234143435365310464
",1344825782254727168,2021-01-01 02:00:26,"RT @MathusLee: à®‡à®¨à¯à®¤ à®®à®¾à®¸à¯à®Ÿà®°à¯ Trailer à®µà®°à¯à®®à®¾ à®µà®°à®¾à®¤à®¾ ??

à®µà®°à¯à®µà®¤à¯à®•à¯à®•à¯ à®à®¤à®¾à®µà®¤à¯ à®…à®±à®¿à®•à¯à®±à®¿à®•à®³à¯ à®‡à®°à¯à®•à¯à®•à®¾ ??

à®¯à®¾à®°à®¾à®µà®¤à¯ à®šà¯Šà®²à¯à®²à¯à®™à¯à®•à®ªà¯à®ªà®¾ ğŸ˜’ğŸ˜

#MasterTrailer #Happâ€¦"
"1234143435365310464
",1344574549791150081,2020-12-31 09:22:08,#MasterTrailer Jan 1 Evening 5Pm ğŸ¤œğŸ¤› Waiting For Official Annocement ğŸ˜ŠğŸ”¥ #HappyNewYear2021
"1234143435365310464
",1344574451891855360,2020-12-31 09:21:44,#MasterTrailer Loading ğŸ”œ !!
"1234143435365310464
",1344309438790868992,2020-12-30 15:48:40,"RT @Kollywood_FC: Maththaapu Siripu Maaratha Nadapu Class aana #Master Massuh ğŸ˜âœ¨

#MasterPongal #MasterTrailer #Thalapathy #ThalapathyVijayâ€¦"
"1234143435365310464
",1342101528232882179,2020-12-24 13:35:14,"U/AğŸ˜ğŸ˜ 
#MasterPongal 
#MasterOnlyOnTheaters 
#MasterTrailer
#Master 
@actorvijay https://t.co/jg40VgDUxg"
"1234143435365310464
",1344945026279694343,2021-01-01 09:54:16,RT @karthikm7272: @Dir_Lokesh Interview la #MasterTrailer nu soninga.. ipo ilanu soldraingağŸ¥ºğŸš¶â€â™‚ï¸... https://t.co/VAgco5p2qQ
"1234143435365310464
",1344943923475611648,2021-01-01 09:49:53,"@Dir_Lokesh Update trailer update engaya 
#MasterTrailer update engaya yoow"
"1234143435365310464
",1344663871772971009,2020-12-31 15:17:04,"RT @MasterMukesh_Mk: #Oneyearofmasterfirstlook
One year's of Master first look poster ğŸ”¥ğŸ”¥ğŸ”¥
#MasterTrailer #HappyNewYear2021 #Newyearwithmastâ€¦"
"1234143435365310464
",1344442769838784517,2020-12-31 00:38:29,"RT @MasterMukesh_Mk: #goodmorning Vijay Fan's

#MasterTrailer #Master 
#MasterPongal #MasterOnJan13th 
@Dir_Lokesh @actorvijay 
#NewYear202â€¦"
"1234143435365310464
",1343719234182938624,2020-12-29 00:43:25,"RT @MasterMukesh_Mk: #MasterVIJAYEnteringNorth 
#MasterPongal #MasterTrailer 
#MasterRelease @SunnyLeone 
@actorvijay @Dir_Lokesh @XBFilmCrâ€¦"
"1234143435365310464
",1343376725523136513,2020-12-28 02:02:24,"RT @MasterMukesh_Mk: #MasterManiaSoon
#MasterPongal 
#MasterTrailer #ThalapathyVijay 
@Dir_Lokesh @Jagadishbliss https://t.co/t0mK7A1DvW"
"1234143435365310464
",1343362914300792832,2020-12-28 01:07:31,"RT @MasterMukesh_Mk: Good morning Guys 

#MasterTrailer #MasterPongal 
#MasterRelease #Master 
#ThalapathyVijay #VijayTheMaster https://t.câ€¦"
"1234143435365310464
",1343008799552987136,2020-12-27 01:40:24,"RT @MasterMukesh_Mk: Good morning for every thalapathy ğŸ”¥ ens #HappySunday 

#VijayTheMaster #MasterInHindi 
#Master #MasterTrailer 
#Masterâ€¦"
"1140905007882969088
",1344923131832483840,2021-01-01 08:27:16,RT @SSMusicTweet: #MasterTrailer Loading ğŸ”œ !!
"1140905007882969088
",1344655336175587329,2020-12-31 14:43:09,RT @XBFilm: #MasterTrailer Expected ğŸ¤œğŸ¤›
"1140905007882969088
",1344655319587164161,2020-12-31 14:43:05,"RT @TAKerala_off: #NewYearWithMaster

#MasterTrailer Announcement On Tommorrow ğŸ’¥"
"1211526046119428096
",1344935691554156544,2021-01-01 09:17:11,"RT @TFT_Offl: #MasterTrailer will be released one week before movie release. Trailer will be relased in all language at same time, It's delâ€¦"
"1211526046119428096
",1344825782254727168,2021-01-01 02:00:26,"RT @MathusLee: à®‡à®¨à¯à®¤ à®®à®¾à®¸à¯à®Ÿà®°à¯ Trailer à®µà®°à¯à®®à®¾ à®µà®°à®¾à®¤à®¾ ??

à®µà®°à¯à®µà®¤à¯à®•à¯à®•à¯ à®à®¤à®¾à®µà®¤à¯ à®…à®±à®¿à®•à¯à®±à®¿à®•à®³à¯ à®‡à®°à¯à®•à¯à®•à®¾ ??

à®¯à®¾à®°à®¾à®µà®¤à¯ à®šà¯Šà®²à¯à®²à¯à®™à¯à®•à®ªà¯à®ªà®¾ ğŸ˜’ğŸ˜

#MasterTrailer #Happâ€¦"
"1211526046119428096
",1343234472292937728,2020-12-27 16:37:08,"RT @Prashanth11_: #MasterManiaSoon Waiting to see in theaters....ğŸ’¥
#Master | #MasterTrailer | #MasterPongal"
"1211526046119428096
",1343234375425540096,2020-12-27 16:36:45,"RT @Krishna11012001: @VijayZealotHere @actorvijay Master the blast
#VijayTheMaster
#MasterManiaSoon
#MasterTrailer
#MasterOnlyOnTheaters"
"1211526046119428096
",1343737591414226946,2020-12-29 01:56:21,"RT @KannanVfc13: à®•à®¾à®²à¯ˆ à®µà®£à®•à¯à®•à®®à¯ @actorvijay
à®‡à®¤à®¯ à®¤à¯à®Ÿà®¿à®ªà¯à®ªà¯à®•à®³à¯‡ğŸ˜â¤

#MasterTrailer #MasterPongal
#MasterVIJAYEnteringNorth https://t.co/xfV3e0RFTJ"
"1211526046119428096
",1343601236310814722,2020-12-28 16:54:32,RT @VijayFansTrends: Ready for #MasterTrailer announcement? ğŸ‘€ @actorvijay
"1211526046119428096
",1342849068800733184,2020-12-26 15:05:41,"RT @Itz_Master7: Assemble at Dec 31 at 6 Pm #MasterTrailer update can't wait for the celebrations and  maintain the same unity..!! ğŸ‰ğŸ’¥

#Vijâ€¦"
"1178574207770230784
",1344945849634156544,2021-01-01 09:57:33,"RT @TFT_Offl: #MasterTrailer will be released one week before movie release. Trailer will be relased in all language at same time, It's delâ€¦"
"1178574207770230784
",1344864224716066816,2021-01-01 04:33:12,Intha varshm Neruppa Irukkattim â¤ï¸ğŸ’¥ğŸ¤™ Welcome #2021  #MasterTrailer  Eppa dhaa varum ğŸ˜‰
"1178574207770230784
",1343557599480856580,2020-12-28 14:01:08,"RT @karikalan1412: #SaviourOfKollywoodVIJAY

#Thalapathy- Ray Of Hope For Theatre OwnersğŸ’¥

#Master @actorvijay #MasterTrailer https://t.co/â€¦"
"1178574207770230784
",1342135562761728001,2020-12-24 15:50:28,"RT @Alagarvj1: Thalapathy fans after getting #MasterUAcertified news from @Dir_Lokesh ğŸ™ğŸ™ğŸ’¥

#Master | #MasterPongal #MasterTrailer 
https://â€¦"
"1178574207770230784
",1344890096307163138,2021-01-01 06:16:00,"@HITMAN_DHFM I Don't Know Brother I Think Direct Theatrical Release âœ¨

No Official Confirmation About #MasterTrailer ."
"1178574207770230784
",1344855968589307904,2021-01-01 04:00:23,Almost Source Says #MasterTrailer Is Possible Podu Vediyaa Adraa ğŸ”¥ğŸ’¥ğŸ’¥ğŸ’¥ğŸ’¥ğŸ’¥ #Master @actorvijay Namba Attam Summa Terikkum #Masterpongal
"1178574207770230784
",1344223547175026689,2020-12-30 10:07:22,"#MasterTrailer Confirmed by @Dir_Lokesh in @AnandaVikatan interview ğŸ˜ğŸ˜

#MasterTrailerSoon ğŸ”œ @actorvijay"
"1178574207770230784
",1344583149909491713,2020-12-31 09:56:18,RECORD ALART : #MasterTrailer ğŸ¤œğŸ¤› ğŸŠâœ¨ @actorvijay @ThalapathyFilms
"1178574207770230784
",1344913554063802368,2021-01-01 07:49:13,"RT @MoHaN_official0: #MasterTrailer Update à®µà¯‡à®£à¯à®®à¯ - Like.!

#MasterTralier Update à®µà¯‡à®£à®¾à®®à¯ directa à®ªà®Ÿà®®à¯ à®ªà®¾à®•à¯à®•à®£à¯à®®à¯ - Rt 

#SelflessActorVIJAYâ€¦"
"1178574207770230784
",1344913536120623106,2021-01-01 07:49:08,"RT @JanuramOTFC: #MasterTrailer Update à®µà¯‡à®£à¯à®®à¯ - Like.!

#MasterTralier Update à®µà¯‡à®£à®¾à®®à¯ directa à®ªà®Ÿà®®à¯ à®ªà®¾à®•à¯à®•à®£à¯à®®à¯ - Rt 

#SelflessActorVIJAY | #Mâ€¦"
"1178574207770230784
",1344941468369055744,2021-01-01 09:40:08,@Dir_Lokesh North Indian Fans Expecting #MasterTrailer Plz Consider Pannunga Itz Possible Try Pannunga Thanks ğŸ’¥ #Master @actorvijay
"1178574207770230784
",1344292008039387137,2020-12-30 14:39:25,"RT @Avanthika_1497: HD Posters Of #Master ğŸ˜ğŸ˜ğŸ˜ğŸ˜ğŸ˜ğŸ‘Œ

These posters raising expectations eagerly waiting for the #MasterTrailer ğŸ”¥ğŸ”¥ğŸ”¥ https://t.câ€¦"
"1178574207770230784
",1344932274874114048,2021-01-01 09:03:36,"RT @TFT_Offl: #MasterTrailer will be released one week before movie release. Trailer will be relased in all language at same time, It's delâ€¦"
"1178574207770230784
",1344289783711817731,2020-12-30 14:30:34,"RT @gopiprasnna: 100K â¤ï¸â¤ï¸

#Master #MasterTrailer https://t.co/IaBA4oSfnR"
"1265652672222261248
",1343464446690086914,2020-12-28 07:50:59,RT @bussyAnandOff: #MasterTrailer Update Today at 5.00PM ğŸ”¥ğŸ’ª #Master @actorvijay
"1265652672222261248
",1344592658430263298,2020-12-31 10:34:05,RT @XBFilm: #MasterTrailer Expected ğŸ¤œğŸ¤›
"1265652672222261248
",1344263626685702147,2020-12-30 12:46:38,RT @XBFilm: #MasterTrailer Soon...
"1265652672222261248
",1344241685581029377,2020-12-30 11:19:27,"à®‡à®¤à¯†à®²à¯à®²à®¾à®®à¯ à®ªà®¾à®¤à¯à®¤à¯à®Ÿà¯à®Ÿà¯ à®à®ªà¯à®ªà®Ÿà®¿ à®ªà¯‹à®¸à¯à®Ÿà¯ à®ªà¯‹à®Ÿà®¾à®® à®‡à®°à¯à®•à¯à®•à®¿à®±à®¤à¯..ğŸ˜ğŸ˜ğŸ˜ @actorvijay
#Master #MasterTrailer https://t.co/oN7w0VzjSW"
"1265652672222261248
",1344238925158617088,2020-12-30 11:08:29,"#Master HD ğŸ˜ 
#MasterTrailer @actorvijay https://t.co/mHhxDsC9hH"
"1265652672222261248
",1344234643655016449,2020-12-30 10:51:28,"à®‡à®¤à¯†à®²à¯à®²à®¾à®®à¯ à®ªà®¾à®¤à¯à®¤à¯à®Ÿà¯à®Ÿà¯ à®à®ªà¯à®ªà®Ÿà®¿ à®ªà¯‹à®¸à¯à®Ÿà¯ à®ªà¯‹à®Ÿà®¾à®® à®‡à®°à¯à®•à¯à®•à®¿à®±à®¤à¯ ğŸ˜

#Master @actorvijay 
#MasterTrailer 
#AnandaVikatanMedai https://t.co/3pO6jyvJhX"
"1265652672222261248
",1344233593963388930,2020-12-30 10:47:18,"à®¤à¯†à®±à®¿ ğŸ”¥

#MasterTrailer #Master 
#AnandaVikatanMedai https://t.co/OrgB4I0LZV"
"1265652672222261248
",1343572296821141506,2020-12-28 14:59:32,"Unreleased Song or #MasterTrailer

What new year surprise â£ï¸ 

#Master @actorvijay 
#SaviourOfKollywoodVIJAY https://t.co/V1FF1EEW4C"
"1265652672222261248
",1344561180287778818,2020-12-31 08:29:00,#MasterTrailer Loading ğŸ”œ !!
"1219298798712717312
",1344825507636862977,2021-01-01 01:59:21,"RT @SSharukshan: à®ªà¯à®¤à®¿à®¯ à®µà®°à¯à®Ÿà®¤à¯à®¤à®¿à®²à¯ à®à®©à¯ à®…à®©à¯à®ªà¯ à®…à®£à¯à®£à®©à®¿à®©à¯ à®…à®´à®•à®¾à®• à®šà¯Šà®¨à¯à®¤à®™à¯à®•à®³à¯à®•à¯à®•à¯ à®…à®©à¯à®ªà®¾à®© à®•à®¾à®²à¯ˆ à®µà®£à®•à¯à®•à®®à¯ ğŸ˜ğŸ˜ğŸ™ğŸ˜â¤ï¸
@actorvijay #Master #MasterTrailer #Thâ€¦"
"1219298798712717312
",1344873728593723393,2021-01-01 05:10:58,RT @Sarkar_tweetz: #MasterTrailer https://t.co/aq3h4xGMFw
"1219298798712717312
",1344873714223988736,2021-01-01 05:10:54,"RT @ValimaiVinayak: à®‡à®©à®¿à®¯ à®•à®¾à®²à¯ˆ à®µà®£à®•à¯à®•à®®à¯ à®¤à®³à®ªà®¤à®¿ à®¨à¯†à®à¯à®šà®™à¯à®•à®³à¯‡...ğŸ¤ğŸ¤

HappY NeW YeaR To All.ğŸğŸ˜Š

#Master | #MasterTrailer | @actorvijay https://t.co/â€¦"
"1219298798712717312
",1344924131666530305,2021-01-01 08:31:15,"RT @bussyAnandOff: Surprisesâ³ #MasterTrailer

#Master New Year ğŸ”¥ğŸ’¥"
"1219298798712717312
",1344649492067303424,2020-12-31 14:19:55,"#NewYearWithMaster 

#MasterTrailer Update ğŸ”œ
@XBFilmCreators 
@Dir_Lokesh"
"1219298798712717312
",1344939349280866304,2021-01-01 09:31:43,RT @SSMusicTweet: #MasterTrailer Loading ğŸ”œ !!
"1244124910152069120
",1344717254605225984,2020-12-31 18:49:11,"RT @SuryanFM: #Master #Teaser hits #1Million Comments and Making Record ğŸ”¥ğŸ”¥ğŸ”¥

#MasterTeaserHits1MComments #MasterTrailer 
#MasterTeaser #Thaâ€¦"
"1244124910152069120
",1344910496051253248,2021-01-01 07:37:04,"Don't worry guys #MasterTrailer update will come today 6pm 
Appithana nanbans @Akjaiiiii @Jayaprakash8411â€¦ https://t.co/NTEffuFBPf"
"1244124910152069120
",1344714836689580032,2020-12-31 18:39:35,"MASTER team kitta irunthu oru tweet kuda varala na enna artham  
1.00am ku update iruku #Master #MasterTrailer"
"1244124910152069120
",1344945026279694343,2021-01-01 09:54:16,RT @karthikm7272: @Dir_Lokesh Interview la #MasterTrailer nu soninga.. ipo ilanu soldraingağŸ¥ºğŸš¶â€â™‚ï¸... https://t.co/VAgco5p2qQ
"1244124910152069120
",1344943923475611648,2021-01-01 09:49:53,"@Dir_Lokesh Update trailer update engaya 
#MasterTrailer update engaya yoow"
"1244124910152069120
",1344663871772971009,2020-12-31 15:17:04,"RT @MasterMukesh_Mk: #Oneyearofmasterfirstlook
One year's of Master first look poster ğŸ”¥ğŸ”¥ğŸ”¥
#MasterTrailer #HappyNewYear2021 #Newyearwithmastâ€¦"
"1244124910152069120
",1344442769838784517,2020-12-31 00:38:29,"RT @MasterMukesh_Mk: #goodmorning Vijay Fan's

#MasterTrailer #Master 
#MasterPongal #MasterOnJan13th 
@Dir_Lokesh @actorvijay 
#NewYear202â€¦"
"1244124910152069120
",1343719234182938624,2020-12-29 00:43:25,"RT @MasterMukesh_Mk: #MasterVIJAYEnteringNorth 
#MasterPongal #MasterTrailer 
#MasterRelease @SunnyLeone 
@actorvijay @Dir_Lokesh @XBFilmCrâ€¦"
"1244124910152069120
",1343376725523136513,2020-12-28 02:02:24,"RT @MasterMukesh_Mk: #MasterManiaSoon
#MasterPongal 
#MasterTrailer #ThalapathyVijay 
@Dir_Lokesh @Jagadishbliss https://t.co/t0mK7A1DvW"
"1244124910152069120
",1343362914300792832,2020-12-28 01:07:31,"RT @MasterMukesh_Mk: Good morning Guys 

#MasterTrailer #MasterPongal 
#MasterRelease #Master 
#ThalapathyVijay #VijayTheMaster https://t.câ€¦"
"1244124910152069120
",1343008799552987136,2020-12-27 01:40:24,"RT @MasterMukesh_Mk: Good morning for every thalapathy ğŸ”¥ ens #HappySunday 

#VijayTheMaster #MasterInHindi 
#Master #MasterTrailer 
#Masterâ€¦"
"1244124910152069120
",1344635995719827457,2020-12-31 13:26:18,RT @ThalapathyFilms: RECORD ALART : #MasterTrailer ğŸ¤œğŸ¤› ğŸŠâœ¨ @actorvijay @ThalapathyFilms
"1068442289817628672
",1344229621831663617,2020-12-30 10:31:31,"RT @IamGtraj: à®ªà®Ÿà®®à¯ à®µà®°à¯à®± à®¨à®¾à®³à¯‡ à®¤à¯†à®°à®¿à®à¯à®šà®¿à®°à¯à®šà¯à®šà¯ à®‡à®©à®¿à®®à¯‡ à®Ÿà®¿à®°à¯†à®¯à¯à®²à®°à¯ à®µà®¨à¯à®¤à®¾ à®à®©à¯à®© à®µà®°à®²à¯ˆà®©à¯à®©à®¾ à®à®©à¯à®©..

#Master
#MasterTrailer"
"1068442289817628672
",1343497618438017026,2020-12-28 10:02:47,"RT @IamGtraj: #Master
@actorvijay 
#MasterPongal 
#MasterTrailerUpdate
#MasterRealeseDate https://t.co/PFv5oEWqh4"
"810820242515562496
",1344655336175587329,2020-12-31 14:43:09,RT @XBFilm: #MasterTrailer Expected ğŸ¤œğŸ¤›
"810820242515562496
",1344655319587164161,2020-12-31 14:43:05,"RT @TAKerala_off: #NewYearWithMaster

#MasterTrailer Announcement On Tommorrow ğŸ’¥"
"810820242515562496
",1344260879185891329,2020-12-30 12:35:43,"RT @thalapathyvsiva: ğŸ”¥ Emperor @actorvijay ğŸ‘‘
 #Master #MasterTrailer @actorvijay @BussyAnand @Jagadishbliss https://t.co/R0Fs1za9Vl"
"810820242515562496
",1344260452365160451,2020-12-30 12:34:01,"ğŸ”¥ Emperor @actorvijay ğŸ‘‘
 #Master #MasterTrailer @actorvijay @BussyAnand @Jagadishbliss https://t.co/R0Fs1za9Vl"
"810820242515562496
",1344107013580591105,2020-12-30 02:24:18,"RT @KannanVfc13: à®•à®¾à®²à¯ˆ à®µà®£à®•à¯à®•à®®à¯ @actorvijay
à®‡à®¤à®¯ à®¤à¯à®Ÿà®¿à®ªà¯à®ªà¯à®•à®³à¯‡ğŸ˜â¤

#MasterTrailer #MasterPongal
#MasterPongal https://t.co/xAfWLUiHUa"
"1107474447055745024
",1344678862479740932,2020-12-31 16:16:38,"RT @Harish_1397: Good Night Friendz â™¥ğŸ˜

#MasterTrailer @actorvijay 
#NewYearWithMaster #Master https://t.co/vsZvD9XZr6"
"1107474447055745024
",1344934672040509440,2021-01-01 09:13:08,@mangathdaww @actorvijay Yes NanbaağŸ˜‰ğŸ¤œğŸ¤› #MasterTrailer #MasterFromJan13 #MasterPongal #SelflessActorVIJAY #Master
"1107474447055745024
",1344919154562748419,2021-01-01 08:11:28,@bavadharane Hello Thangachi....ğŸ˜ğŸ˜‰ğŸ‰Happy New Year Ma #MasterTrailer #MasterOnJan13th #MasterPongal #SelflessActorVIJAY #Master @actorvijay
"1107474447055745024
",1344898057045856256,2021-01-01 06:47:38,@XBFilmCreators Master Trailer Update Eppo bro VarumğŸ˜¥ğŸ˜£ #MasterTrailer #MasterPongal #MasterFromJan13th #NewYear2021â€¦ https://t.co/u1JwoV5RAo
"1107474447055745024
",1344919135478636546,2021-01-01 08:11:23,"RT @Kettavan__Memes: Pan India Release Without Releasing a Trailer ? #Master ğŸ•´ï¸

@Jagadishbliss @MrRathna @Dir_Lokesh #MasterTrailer !!!"
"1288809671348740096
",1344701737735622657,2020-12-31 17:47:32,"RT @INOXMovies: Which language would you prefer watching #Master in?

 ğŸ”¥ğŸ’¥ğŸ”¥
#MasterManiaSoon #MasterPongal #MasterTrailer @actorvijay @vijayâ€¦"
"1288809671348740096
",1344706716823216129,2020-12-31 18:07:19,#MasterTrailer ğŸ’¥ğŸ’¥ğŸ’¥
"1288809671348740096
",1344338451873759234,2020-12-30 17:43:58,"RT @AreaTroll: Good night everyone ğŸ˜´ğŸ’¤

#Master #MasterPongal #MasterTrailer #Masterkerala #MasterTelugu #MasterOnJan13th #MasterInHindi #Maâ€¦"
"1288809671348740096
",1344914082814590978,2021-01-01 07:51:19,"RT @Itz_Master7: #MasterTrailer Update à®µà¯‡à®£à¯à®®à¯ - Like 

#MasterTralier Update à®µà¯‡à®£à®¾à®®à¯ directa à®ªà®Ÿà®®à¯ à®ªà®¾à®•à¯à®•à®£à¯à®®à¯ - Rt 

#SelflessActorVIJAY #Mastâ€¦"
"1288809671348740096
",1344270770336276481,2020-12-30 13:15:01,Get ready #MasterTrailer ğŸ”¥ https://t.co/YhXtmIUx5X
"1288809671348740096
",1344577845561987072,2020-12-31 09:35:14,RT @Vj_master_642: Soo #MasterTrailer is confirmed now .!ğŸ˜ Bring the Update Soon @Dir_Lokesh @Jagadishbliss @XBFilmCreators ..!!â¤ï¸ğŸ™ #Masterâ€¦
"1288809671348740096
",1344573224051298309,2020-12-31 09:16:52,"RT @Cow_Boy_VFC: Alert ğŸ“¸

#MasterTrailer Is Less Than 90 Seconds â¤ğŸ‘

#Master @actorvijay"
"1288809671348740096
",1344571012009091072,2020-12-31 09:08:04,"RT @Pradheep0001: à®ªà®šà®™à¯à®• à®‡à®°à¯à®•à¯à®•à¯à®± à®µà¯†à®±à®¿à®•à¯à®•à¯ à®‡à®ªà¯à®ªà¯ˆà®¯à¯‡ à®Ÿà¯à®°à¯ˆà®²à®°à¯ à®µà®¿à®Ÿà¯à®Ÿà®¾ Overnight à®•à¯à®³à¯à®³ 1m Like à®µà®¨à¯à®¤à¯à®±à¯à®®à¯ à®ªà¯‹à®²à¯ˆà®¯à¯‡ ğŸ¤£ğŸ’¥

#Master #MasterTrailer #Masteâ€¦"
"1288809671348740096
",1344570392451530752,2020-12-31 09:05:37,"Elarum #MasterTrailer Announcement ku wait panitu irukum bodhu 

Oruthan matum #Thalapathy65 Update ku wait panituâ€¦ https://t.co/lMwgrtvZtX"
"1288809671348740096
",1344569446870863872,2020-12-31 09:01:51,RT @Vj_master_642: #MasterTrailer Poster will out ğŸ”œğŸ’¥ğŸƒ @actorvijay https://t.co/vVs87tmnGs
"1288809671348740096
",1344759072512331776,2020-12-31 21:35:21,RT @Sakthii_VFC: à®¤à®¿à®Ÿà¯€à®°à¯à®©à¯ à®¤à®²à¯ˆà®µà®©à¯ @actorvijay à®…à®£à¯à®£à®©à¯ à®…à®•à¯à®•à®µà¯à®©à¯à®Ÿà¯à®² à®‡à®°à¯à®¨à¯à®¤à¯ Happy New Year à®¨à®£à¯à®ªà®¾à®©à¯ à®µà®¨à¯à®¤à¯ #MasterTrailer à®²à®¿à®©à¯à®•à¯à®•à¯à®®à¯ à®µà®¨à¯à®¤à®¾ à®à®ªà¯à®ªà¯â€¦
"1288809671348740096
",1344758889451986945,2020-12-31 21:34:38,RT @Actress_Ramya: #MasterTrailer ğŸ”¥ğŸ”¥ğŸ”¥
"1288809671348740096
",1344940383365525504,2021-01-01 09:35:49,"@Dir_Lokesh #MasterTrailer Updateuu

#Master https://t.co/Bqv43RoEe8"
"1288809671348740096
",1344940058353176576,2021-01-01 09:34:32,"@Dir_Lokesh #MasterTrailer ğŸ’¥Update

#Master https://t.co/f4umaF5KEU"
"1119284625115795456
",1344273364307701761,2020-12-30 13:25:20,"#ThalapathyVijay  New oneâ¤ï¸ @actorvijay
#Master #MasterTrailer https://t.co/vKeJy3glSB"
"1119284625115795456
",1342101528232882179,2020-12-24 13:35:14,"U/AğŸ˜ğŸ˜ 
#MasterPongal 
#MasterOnlyOnTheaters 
#MasterTrailer
#Master 
@actorvijay https://t.co/jg40VgDUxg"
"1119284625115795456
",1343464634682990592,2020-12-28 07:51:43,"#MasterTrailer Announcement â³

This New Year We will witness the Glimpse of the epic clash between JD and Bhavani ğŸ‘ğŸ’¥

#Master @actorvijay"
"1119284625115795456
",1343464518555299840,2020-12-28 07:51:16,"The most awaited #MasterTrailer is  our #NewYear2021 gift from #Thalapathy ğŸ¤”ğŸ¤—ğŸ’

Do you think like that ??â€¦ https://t.co/dJnc9EpleA"
"1119284625115795456
",1344620476467875843,2020-12-31 12:24:38,"RT @spread_loves143: Ithu thanga Unmai....
#Master #MasterTeaserHits1MComments #MasterTrailer #MasterPongal https://t.co/edYRhcmiUi"
"1119284625115795456
",1344620349195915265,2020-12-31 12:24:07,"RT @MasterVijay_45: 07:02pm update? ğŸ¤”

@sunpictures @Nelsondilpkumar
@anirudhofficial #Master #MasterPongal #MasterTrailer
#Thalapathy65 @aâ€¦"
"1119284625115795456
",1344620222347526147,2020-12-31 12:23:37,"RT @imvijay1__: à®à®©à¯à®©à®¾à®™à¯à®• à®Ÿà®¾ à®à®µà®©à¯ˆà®¯à¯à®®à¯ à®•à®¾à®£à¯‹à®®à¯...ğŸ§

#Master @actorvijay #MasterTrailer"
"1119284625115795456
",1344674813634232320,2020-12-31 16:00:33,"RT @thayoliiiii: à®•à¯‹à®®à®³ à®’à®•à¯à®•ğŸ˜‚ğŸ˜‚ğŸ˜‚

à®à®©à¯à®©à®Ÿà®¾ à®‡à®¤à¯ à®ªà¯‡à®°à¯ à®‡à®¤à¯ğŸ¤£ğŸ¤£ğŸ‘Œ
à®“à®²à¯ğŸ˜‚
à®’à®®à¯à®®à®²à¯‡ğŸ˜‚

#MasterTrailer #Master #MasterTeaserHits1MComments #MasterTeaser #Masteâ€¦"
"1119284625115795456
",1344674786236985344,2020-12-31 16:00:26,RT @MasterMovieOff: #MasterTrailer
"1197334747933863936
",1344707629008867328,2020-12-31 18:10:56,"RT @Me_Hell_Boy: Confirmed #MasterTrailer Update At 12.01 Am 

Stay Online Folks!! ğŸ¤œğŸ¤›"
"1197334747933863936
",1344671846545833985,2020-12-31 15:48:45,RT @T65Movie: Sure there will be a #MasterTrailer. But the Release Date and Time is yet to be Decided by Master Team. Keep hope &amp; Waiting #â€¦
"1197334747933863936
",1344653695875567616,2020-12-31 14:36:38,"RT @INOXMovies: Which language would you prefer watching #Master in?

 ğŸ”¥ğŸ’¥ğŸ”¥
#MasterManiaSoon #MasterPongal #MasterTrailer @actorvijay @vijayâ€¦"
"1197334747933863936
",1344546921508081664,2020-12-31 07:32:21,RT @SSMusicTweet: #MasterTrailer Loading ğŸ”œ !!
"1197334747933863936
",1344278687517089792,2020-12-30 13:46:29,"Koluthungaa Daa ğŸ”¥ğŸ”¥  
Pongal  Vaathi Coming .....

#Master  Poster  Design Work !!
#MasterTrailer Soon ğŸ˜‰ !!â€¦ https://t.co/l7B4LXdc6V"
"1197334747933863936
",1344571948764807168,2020-12-31 09:11:48,"#MasterTrailer Runtime - 2 Minute 20 Sec ğŸ’¥ğŸ’¥ğŸ”¥ğŸ”¥#Master 
@actorvijay"
"1197334747933863936
",1344899631323353088,2021-01-01 06:53:53,"RT @Akshayacutee1: Happy Morning ğŸ’“ğŸ˜
#HAPPYNEWYEAR 
#MasterTrailer #Akshu https://t.co/TiwWHl9zr5"
"1197334747933863936
",1344518104601169922,2020-12-31 05:37:50,Finally !! #MasterTrailer From JAN 1 6ï¸âƒ£ PM . Advance Happy New Year Nanba Nanbigal ğŸ’¥ğŸ‰ #Master https://t.co/RpC7U4J3xB
"3294978421
",1344508874250809345,2020-12-31 05:01:10,RT @DheenaActor: #MasterTrailer Soon ğŸ”¥
"1208743730607312896
",1344636859654176768,2020-12-31 13:29:44,"RT @Fairydollyzz: #Master Kerala Expecting In Theaters From Jan 13th !! ğŸ˜

#MasterTrailer @actorvijay https://t.co/Ex6CmsVDxZ"
"1208743730607312896
",1344571948764807168,2020-12-31 09:11:48,"#MasterTrailer Runtime - 2 Minute 20 Sec ğŸ’¥ğŸ’¥ğŸ”¥ğŸ”¥#Master 
@actorvijay"
"1208743730607312896
",1344924106458689537,2021-01-01 08:31:09,"RT @TFT_Offl: #MasterTrailer will be released one week before movie release. Trailer will be relased in all language at same time, It's delâ€¦"
"1208743730607312896
",1344941468369055744,2021-01-01 09:40:08,@Dir_Lokesh North Indian Fans Expecting #MasterTrailer Plz Consider Pannunga Itz Possible Try Pannunga Thanks ğŸ’¥ #Master @actorvijay
"1208743730607312896
",1344681571270316034,2020-12-31 16:27:24,"RT @itz_John_on: Update On 6PM ğŸ¤”

#Master #MasterTrailer"
"1140860244408406016
",1344924106458689537,2021-01-01 08:31:09,"RT @TFT_Offl: #MasterTrailer will be released one week before movie release. Trailer will be relased in all language at same time, It's delâ€¦"
"1140860244408406016
",1344571948764807168,2020-12-31 09:11:48,"#MasterTrailer Runtime - 2 Minute 20 Sec ğŸ’¥ğŸ’¥ğŸ”¥ğŸ”¥#Master 
@actorvijay"
"1140860244408406016
",1344558469857247234,2020-12-31 08:18:14,"Recent Buzz : #MasterTrailer Runtime - 1 Minute &amp; 26 Seconds ğŸ˜Let's wait for Official Confirmation from the Team 

#Master @actorvijay"
"1140860244408406016
",1344823933074227201,2021-01-01 01:53:05,"RT @RamVj_offil: Wish you happy new year to all maapi's ğŸ¥³ğŸ¥³ğŸ¥³ğŸ¥³ğŸ¥³ğŸ¥³ğŸ˜ğŸ’ğŸ˜˜ğŸ˜

ğŸ’¥ğŸ’¥ğŸ’¥ğŸ’¥ Thalaivan version ğŸ¤¸ğŸ¤¸ğŸ¤¸ğŸ¤¸ğŸ¤¸

#Master #MasterTrailer 

@actorvijay httpâ€¦"
"4322819179
",1344685900505047046,2020-12-31 16:44:36,"RT @aljo_vj: JD ğŸ˜Šâ¤ï¸

#NewYearWithMaster #MasterTrailer | @actorvijay @Dir_Lokesh @VijayFansTrends https://t.co/Iekxf3sAGs"
"4322819179
",1344685554198171649,2020-12-31 16:43:13,"JD ğŸ˜Šâ¤ï¸

#NewYearWithMaster #MasterTrailer | @actorvijay @Dir_Lokesh @VijayFansTrends https://t.co/Iekxf3sAGs"
"4322819179
",1344224787942395905,2020-12-30 10:12:18,"Expecting #MasterTrailer Update From Today 6pm ğŸˆ

@actorvijay | #MasterUpdate https://t.co/72rckYMN1A"
"4322819179
",1343495855286800385,2020-12-28 09:55:47,"Wait panni tha aganam ğŸ˜

#MasterTrailer | @actorvijay https://t.co/12ZAJopwc6"
"4322819179
",1343476818225950722,2020-12-28 08:40:08,"Damn Waiting For #MasterTrailer ğŸ˜ğŸ’¯
@actorvijay | @Dir_Lokesh | @VijayFansTrends https://t.co/H7wlx1Oq7X"
"4322819179
",1336971827801833473,2020-12-10 09:51:38,"Expect the unexpected ğŸ˜ŒğŸ’¯

#MasterTrailer #Thalapathy65
#ThalapathyVijay #Master @VijayFansTrends @actorvijay https://t.co/svDx67NstB"
"4650254340
",1343525588682719232,2020-12-28 11:53:56,"RT @chau__10: Try this #Master effect #Instagram
ğŸ‘‡ğŸ‘‡
https://t.co/hZjAWC3wGd

#MasterTrailer 
#MasterPongal 
#MasterFromJan13 
#MasterManiaSâ€¦"
"900754693718024192
",1344561180287778818,2020-12-31 08:29:00,#MasterTrailer Loading ğŸ”œ !!
"900754693718024192
",1344945849634156544,2021-01-01 09:57:33,"RT @TFT_Offl: #MasterTrailer will be released one week before movie release. Trailer will be relased in all language at same time, It's delâ€¦"
"900754693718024192
",1344636859654176768,2020-12-31 13:29:44,"RT @Fairydollyzz: #Master Kerala Expecting In Theaters From Jan 13th !! ğŸ˜

#MasterTrailer @actorvijay https://t.co/Ex6CmsVDxZ"
"900754693718024192
",1344944993740328960,2021-01-01 09:54:09,RT @achyuth_venkat: #Master #Thalapathy #ThalapathyVijay #MasterTrailer #MasterPongal #MasterUpdate #Masterfanart drawing. Last drawing ofâ€¦
"900754693718024192
",1344278687517089792,2020-12-30 13:46:29,"Koluthungaa Daa ğŸ”¥ğŸ”¥  
Pongal  Vaathi Coming .....

#Master  Poster  Design Work !!
#MasterTrailer Soon ğŸ˜‰ !!â€¦ https://t.co/l7B4LXdc6V"
"1227239168008261632
",1344924106458689537,2021-01-01 08:31:09,"RT @TFT_Offl: #MasterTrailer will be released one week before movie release. Trailer will be relased in all language at same time, It's delâ€¦"
"1227239168008261632
",1344868176715075585,2021-01-01 04:48:54,RT @Itz_MersalImran: Dear Thalapathyans Dont Expect #MasterTrailer Is No More Apdi Vantha Take it illana leave it ğŸ™ Just Wait &amp; Watch Onlyâ€¦
"1227239168008261632
",1344292008039387137,2020-12-30 14:39:25,"RT @Avanthika_1497: HD Posters Of #Master ğŸ˜ğŸ˜ğŸ˜ğŸ˜ğŸ˜ğŸ‘Œ

These posters raising expectations eagerly waiting for the #MasterTrailer ğŸ”¥ğŸ”¥ğŸ”¥ https://t.câ€¦"
"1227239168008261632
",1344932880523280384,2021-01-01 09:06:01,"RT @Kettavan__Memes: Pan India Release Without Releasing a Trailer ? #Master ğŸ•´ï¸

@Jagadishbliss @MrRathna @Dir_Lokesh #MasterTrailer !!!"
"1227239168008261632
",1344655336175587329,2020-12-31 14:43:09,RT @XBFilm: #MasterTrailer Expected ğŸ¤œğŸ¤›
"1227239168008261632
",1344655319587164161,2020-12-31 14:43:05,"RT @TAKerala_off: #NewYearWithMaster

#MasterTrailer Announcement On Tommorrow ğŸ’¥"
"965142526163341312
",1344561180287778818,2020-12-31 08:29:00,#MasterTrailer Loading ğŸ”œ !!
"965142526163341312
",1344738462172286976,2020-12-31 20:13:28,"RT @INOXMovies: Which language would you prefer watching #Master in?

 ğŸ”¥ğŸ’¥ğŸ”¥
#MasterManiaSoon #MasterPongal #MasterTrailer @actorvijay @vijayâ€¦"
"965142526163341312
",1344727768211226625,2020-12-31 19:30:58,"RT @SuryanFM: #JD is a #Twitter #Master ğŸ”¥ğŸ”¥ğŸ”¥

#SuryanPolls #SuryanFM @SuryanFM 
 
#Thalapathy65 #Thalapathy #ThalapathyVijay 
#MasterTrailerâ€¦"
"965142526163341312
",1344630166593540097,2020-12-31 13:03:08,"RT @itz_expiry1: A New Year Special Poster With #MasterTrailer Release Date At 12 AM â¤ï¸!

Welcome 2021 â¤ï¸! #Master"
"965142526163341312
",1344924106458689537,2021-01-01 08:31:09,"RT @TFT_Offl: #MasterTrailer will be released one week before movie release. Trailer will be relased in all language at same time, It's delâ€¦"
"852710758232104960
",1344546921508081664,2020-12-31 07:32:21,RT @SSMusicTweet: #MasterTrailer Loading ğŸ”œ !!
"4364521152
",1344667658134777856,2020-12-31 15:32:07,"RT @itz_VillainISM: 7PM ğŸ˜ğŸ’¥ 

#Master #MasterTrailer"
"4364521152
",1344667599909470209,2020-12-31 15:31:53,RT @XBFilm: #MasterTrailer Expected ğŸ¤œğŸ¤›
"1292078636829294592
",1344706716823216129,2020-12-31 18:07:19,#MasterTrailer ğŸ’¥ğŸ’¥ğŸ’¥
"1292078636829294592
",1344912038812811267,2021-01-01 07:43:11,"#MasterTrailer Update à®µà¯‡à®£à¯à®®à¯ - Like 

#MasterTralier Update à®µà¯‡à®£à®¾à®®à¯ directa à®ªà®Ÿà®®à¯ à®ªà®¾à®•à¯à®•à®£à¯à®®à¯ - Rt 

#SelflessActorVIJAY #Master"
"1292078636829294592
",1344825782254727168,2021-01-01 02:00:26,"RT @MathusLee: à®‡à®¨à¯à®¤ à®®à®¾à®¸à¯à®Ÿà®°à¯ Trailer à®µà®°à¯à®®à®¾ à®µà®°à®¾à®¤à®¾ ??

à®µà®°à¯à®µà®¤à¯à®•à¯à®•à¯ à®à®¤à®¾à®µà®¤à¯ à®…à®±à®¿à®•à¯à®±à®¿à®•à®³à¯ à®‡à®°à¯à®•à¯à®•à®¾ ??

à®¯à®¾à®°à®¾à®µà®¤à¯ à®šà¯Šà®²à¯à®²à¯à®™à¯à®•à®ªà¯à®ªà®¾ ğŸ˜’ğŸ˜

#MasterTrailer #Happâ€¦"
"2438215004
",1344720918124191745,2020-12-31 19:03:45,RT @Actress_Ramya: #MasterTrailer ğŸ”¥ğŸ”¥ğŸ”¥
"2438215004
",1344914183087788032,2021-01-01 07:51:43,"RT @JonnesVasanth: #MasterTrailer Update à®µà¯‡à®£à¯à®®à¯ - Like 

#MasterTralier Update à®µà¯‡à®£à®¾à®®à¯ directa à®ªà®Ÿà®®à¯ à®ªà®¾à®•à¯à®•à®£à¯à®®à¯ - Rt 

#SelflessActorVIJAY #Maâ€¦"
"2438215004
",1344715130446123014,2020-12-31 18:40:45,"#NewYearWithMaster 

#MasterTrailer ğŸ˜£à®ªà¯à®¤à¯ à®µà®°à®¿à®Ÿà®®à¯ à®…à®¤à¯à®µà¯à®®à¯à®®à®¾ à®¨à®®à¯à®®à®² à®à®®à®¾à®¤à®¿à®Ÿà¯à®Ÿà®™à¯à®• ğŸ¥º

#Master IAM so upset ğŸ¥º

@Dir_Lokeshâ€¦ https://t.co/njCNd0biMz"
"2438215004
",1344711188068798464,2020-12-31 18:25:05,"#NewYearWithMaster 

#MasterTrailer ğŸ’¥ğŸ˜innum 5 minutes lağŸ’ªğŸ”¥

#MasterUpdate ğŸ’¥ğŸ˜intha update varanumnu mandaikku oodittâ€¦ https://t.co/tigP9Vrr7K"
"2438215004
",1344709953257291776,2020-12-31 18:20:11,"#NewYearWithMaster 

#MasterTrailer ğŸ’¥ithu Beast ModeğŸ’¥

#MasterUpdate ğŸ”¥JD student Ella maa professor ğŸ˜

#Master ğŸ’¥kolâ€¦ https://t.co/JNjtCWKY8u"
"2438215004
",1344708722434535424,2020-12-31 18:15:17,"#NewYearWithMaster

#MasterTrailer update coming soon ğŸ˜‡

@actorvijay @Dir_Lokesh 15 minutes to go ğŸ”¥ğŸ”¥ğŸ”¥ğŸ”¥ğŸ”¥ğŸ”¥â€¦ https://t.co/fOLIftJxEo"
"2438215004
",1344707873729744896,2020-12-31 18:11:55,"#NewYearWithMaster 12:00am 
#MasterTrailer ğŸ˜‡ https://t.co/U24422xEWI"
"2438215004
",1344910582248394752,2021-01-01 07:37:24,"RT @Itz_Master7: #MasterTrailer Update à®µà¯‡à®£à¯à®®à¯ - Like 

#MasterTralier Update à®µà¯‡à®£à®¾à®®à¯ directa à®ªà®Ÿà®®à¯ à®ªà®¾à®•à¯à®•à®£à¯à®®à¯ - Rt 

#SelflessActorVIJAY #Mastâ€¦"
"2438215004
",1344910503915606017,2021-01-01 07:37:06,"RT @Kettavan__Memes: Pan India Release Without Releasing a Trailer ? #Master ğŸ•´ï¸

@Jagadishbliss @MrRathna @Dir_Lokesh #MasterTrailer !!!"
"2438215004
",1344547544764878848,2020-12-31 07:34:49,RT @ThalapathyFilms: #MasterTrailer Jan 1 Evening 5Pm ğŸ¤œğŸ¤› Waiting For Official Annocement ğŸ˜ŠğŸ”¥ #HappyNewYear2021
"2438215004
",1344536914724966400,2020-12-31 06:52:35,RT @XBFilm: #MasterTrailer Expected ğŸ¤œğŸ¤›
"2438215004
",1344332691357847553,2020-12-30 17:21:04,"Vaathi Coming ğŸ¤©ğŸ¤©ğŸ¤©
#MasterTrailer  #MasterPongal  #Master https://t.co/y0vgazgOH6"
"2438215004
",1344329752576892931,2020-12-30 17:09:24,"RT @rayappan007: Follow me nanbaz 100 % follow back 

#MasterTrailer #Master https://t.co/VTYJVOltOd"
"2438215004
",1344499277083496450,2020-12-31 04:23:01,"RT @_MrRocky: #MasterTrailer will come as NewYear Gift ???

Innaiku Update Varum Dot ğŸ¤—

#Master #MasterPongal https://t.co/B9E9QJUEEE"
"2438215004
",1344275701277474818,2020-12-30 13:34:37,RT @TVF_Royals4: Only 5 Mins To Go For  #MasterTrailer Update ğŸ’¥ğŸ’¥ğŸ’¥ https://t.co/tZyPga55bT
"2438215004
",1344596940575526912,2020-12-31 10:51:06,"RT @MasterMovieOff: #MasterTeaser - 2
         (Or)
#MasterTrailer"
"2438215004
",1344542293613662208,2020-12-31 07:13:57,RT @XBFilm: #MasterTrailer Expected ğŸ¤œğŸ¤›
"2438215004
",1344894133895266306,2021-01-01 06:32:03,"New Year wishes koode illaya! ğŸ™

@Dir_Lokesh @MrRathna @Actor_Mahendran @iam_arjundas @imKBRshanthnu @Lalit_SevenScr

#Master #MasterTrailer"
"2438215004
",1343443146953302023,2020-12-28 06:26:20,"RT @Krishna0722: NewYear - 2021 What You Want ?

#MasterTrailer #MasterManiaSoon #Thalapathy65bySunPictures #Thalapathy65 
#à®•à®²à¯ˆà®à®°à¯_à®•à®¾à®²à¯ˆ_à®¨à®•à¯â€¦"
"2438215004
",1344719161851711489,2020-12-31 18:56:46,"First pic 2021 
RT pannunga nanba 
50RT varuma .....
#HappyNewYear2021 #Welcome2021 #Master #MasterTrailerâ€¦ https://t.co/lvU6EemQTp"
"2438215004
",1344713107961069569,2020-12-31 18:32:43,"ğŸ’ğŸ’HAPPY NEW YEAR MY ALL FRIENDS ğŸ’ğŸ’
#MasterTrailer #MasterTeaserHits1MComments #MasterPongal #HappyNewYear2021â€¦ https://t.co/wvqhTpr0Nn"
"2438215004
",1344897550671745025,2021-01-01 06:45:37,RT @Itz_MersalImran: So Clear ah Teriyudhu #MasterTrailer Illanu Thays Why #Master Team Only Release Posters ğŸ˜’ @actorvijay
"2438215004
",1344508874250809345,2020-12-31 05:01:10,RT @DheenaActor: #MasterTrailer Soon ğŸ”¥
"2438215004
",1342109223052660738,2020-12-24 14:05:48,"RT @spyder_michael: We can expect #MasterTrailer soon

@actorvijay #Master https://t.co/X0jHa4iF7e"
"2831924240
",1344584874632462339,2020-12-31 10:03:09,RT @SriLankaVijayFc: #MasterTrailer is There ! Officially Confirmed By Our #Master Director @Dir_Lokesh in Recent Vikatan Interview.ğŸ”¥ httpsâ€¦
"2831924240
",1344699463122657290,2020-12-31 17:38:29,"RT @Master2021Film: 1 hour to go! #MasterTrailerğŸ˜ğŸ’¥ğŸ”¥UPDATE!â³ğŸ¤«

#Master @Master2021Film"
"2831924240
",1344359514204618755,2020-12-30 19:07:39,"RT @TFC_Back: We Need #MasterTrailer to Reach WW before Movie Release.. Promotion Need Bro.. @Dir_Lokesh @XBFilmCreators !!

#Master"
"2831924240
",1344684969453490177,2020-12-31 16:40:54,RT @MasterMovieoffl: #MasterTrailer NewYear Treat  from Master Team and ThalapathyVijay!! ğŸ’¥
"2831924240
",1344759072512331776,2020-12-31 21:35:21,RT @Sakthii_VFC: à®¤à®¿à®Ÿà¯€à®°à¯à®©à¯ à®¤à®²à¯ˆà®µà®©à¯ @actorvijay à®…à®£à¯à®£à®©à¯ à®…à®•à¯à®•à®µà¯à®©à¯à®Ÿà¯à®² à®‡à®°à¯à®¨à¯à®¤à¯ Happy New Year à®¨à®£à¯à®ªà®¾à®©à¯ à®µà®¨à¯à®¤à¯ #MasterTrailer à®²à®¿à®©à¯à®•à¯à®•à¯à®®à¯ à®µà®¨à¯à®¤à®¾ à®à®ªà¯à®ªà¯â€¦
"2831924240
",1344758889451986945,2020-12-31 21:34:38,RT @Actress_Ramya: #MasterTrailer ğŸ”¥ğŸ”¥ğŸ”¥
"888816803140452352
",1344911898957910016,2021-01-01 07:42:38,"RT @Itz_MersalImran: #Master Pan India Film Without Trailer Superb UnexpectedğŸ˜’
#MasterTrailer @Actorvijay #MasterPongal"
"888816803140452352
",1344909929346256897,2021-01-01 07:34:49,"RT @Kettavan__Memes: Pan India Release Without Releasing a Trailer ? #Master ğŸ•´ï¸

@Jagadishbliss @MrRathna @Dir_Lokesh #MasterTrailer !!!"
"888816803140452352
",1344621100219527169,2020-12-31 12:27:06,RT @MasterMovieOff: #MasterTrailer
"888816803140452352
",1344941468369055744,2021-01-01 09:40:08,@Dir_Lokesh North Indian Fans Expecting #MasterTrailer Plz Consider Pannunga Itz Possible Try Pannunga Thanks ğŸ’¥ #Master @actorvijay
"888816803140452352
",1344659866560856067,2020-12-31 15:01:09,RT @SSMusicTweet: #MasterTrailer Loading ğŸ”œ !!
"888816803140452352
",1344659846939910149,2020-12-31 15:01:04,"RT @MasterMovieOff: #MasterTeaser - 2
         (Or)
#MasterTrailer"
"888816803140452352
",1344624450604474369,2020-12-31 12:40:25,RT @MasterMovieOff: #MasterTrailer
"888816803140452352
",1344465587745873928,2020-12-31 02:09:09,RT @malinavin: #MasterTrailer will come as NewYear Gift '21on Jan 1st to  #ThalapathyNanbaas...
"888816803140452352
",1344868382965862401,2021-01-01 04:49:43,"RT @bussyAnandOff: Surprisesâ³ #MasterTrailer

#Master New Year ğŸ”¥ğŸ’¥"
"1158274858041536512
",1344726115554717696,2020-12-31 19:24:24,"My son lithik   happy new year da Chellam     #HappyNewYear2021 
#MasterTrailer https://t.co/4DZ1udOnm5"
"1158274858041536512
",1344724887596793856,2020-12-31 19:19:31,"All @actorvijay na fans best wishes ğŸ‡ğŸ’ğŸ”¥ğŸ˜ #HappyNewYear2021
#MasterTrailer #Master https://t.co/UGQdBphl19"
"1158274858041536512
",1344686389019885569,2020-12-31 16:46:32,"RT @Akilan_offical: 2021 à®¨à®²à¯à®²à®¾à®°à¯à®ªà¯à®ªà¯‹à®®à¯ à®¨à®£à¯à®ªà®°à¯à®•à®³à¯‡
#HappyNewYear2021 
#MasterTrailer https://t.co/Is1sIYESzx"
"1158274858041536512
",1344646708878213124,2020-12-31 14:08:52,Master PongalğŸ˜ğŸ˜ğŸ˜ğŸ¤—. #MasterTrailer https://t.co/D9P7zgFrzJ
"1158274858041536512
",1344928663897182208,2021-01-01 08:49:15,"RT @AlterEgo_555: ğŸ’“ Suyanalam illatha pothunalamğŸ’–ğŸ’–
Tag potta dash gala kaanomğŸ§ğŸ§

#Master #MasterTrailer #SelflessActorVIJAY https://t.co/Cgâ€¦"
"1158274858041536512
",1344640126140338176,2020-12-31 13:42:42,"Ha ha ğŸ¤ª 

#MasterTrailer #MasterPongal #master https://t.co/UFAGqFOXZ5"
"1158274858041536512
",1344706716823216129,2020-12-31 18:07:19,#MasterTrailer ğŸ’¥ğŸ’¥ğŸ’¥
"1158274858041536512
",1344574549791150081,2020-12-31 09:22:08,#MasterTrailer Jan 1 Evening 5Pm ğŸ¤œğŸ¤› Waiting For Official Annocement ğŸ˜ŠğŸ”¥ #HappyNewYear2021
"1158274858041536512
",1344574451891855360,2020-12-31 09:21:44,#MasterTrailer Loading ğŸ”œ !!
"1158274858041536512
",1344309438790868992,2020-12-30 15:48:40,"RT @Kollywood_FC: Maththaapu Siripu Maaratha Nadapu Class aana #Master Massuh ğŸ˜âœ¨

#MasterPongal #MasterTrailer #Thalapathy #ThalapathyVijayâ€¦"
"1158274858041536512
",1344591428450725891,2020-12-31 10:29:12,"RT @VjOverseasGFans: We can probably expect #Thalapathy dialogues in #MasterTrailer  

@actorvijay https://t.co/3t6AJhhhBS"
"1158274858041536512
",1344587110947368960,2020-12-31 10:12:03,"RT @VjOverseasGFans: #MasterTrailer and Promos ....Loading ... ğŸ˜ğŸ”’ 

@actorvijay https://t.co/GC3ImKNWxt"
"1158274858041536512
",1344586863118573569,2020-12-31 10:11:04,#MasterTrailer ğŸ¥°ğŸ’¥ğŸ’¥ğŸ’¥ğŸ’¥ https://t.co/AcEycACD3A
"1158274858041536512
",1344864224716066816,2021-01-01 04:33:12,Intha varshm Neruppa Irukkattim â¤ï¸ğŸ’¥ğŸ¤™ Welcome #2021  #MasterTrailer  Eppa dhaa varum ğŸ˜‰
"1158274858041536512
",1344719478685392899,2020-12-31 18:58:02,"RT @suresh_khan143: Tq 96 followers ğŸŠğŸ˜ğŸ‰
New year ku 100ğŸ‰â¤ï¸ğŸŠğŸˆğŸ‰#NewYearWithMaster #NewYear2021 #HappyNewYear2021 #MasterTrailer
#Master #Mastâ€¦"
"1158274858041536512
",1344719315849777152,2020-12-31 18:57:23,"RT @suresh_khan143: Happy New year @KikiVijay 
#NewYearWithMaster #HappyNewYear2021 #Welcome2021 #Master #MasterTrailer
#Master #MasterPongâ€¦"
"4845409880
",1344240318112100354,2020-12-30 11:14:01,"RT @rasiganmaster: #MasterTrailer Update at today evening 6 pm..!! ğŸ˜

Get ready folks ğŸ¤

#Master @actorvijay"
"4845409880
",1344239949130842118,2020-12-30 11:12:33,"RT @Mastersakthi007: Thalapathy Vijay Dialogue Will Be Seen In #MasterTrailer .. ğŸ’¥ğŸ’¥

#Master #MasterPongal @actorvijayğŸ˜"
"4845409880
",1344239938863157250,2020-12-30 11:12:30,"RT @Mastersakthi007: Stay OnlineğŸ˜‰

#MasterTrailer
#MasterPongal"
"4845409880
",1344596638233366528,2020-12-31 10:49:54,"à®ªà®¾à®°à®¤à®¿ à®•à®£à¯à®Ÿ à®ªà¯à®¤à¯à®®à¯ˆ à®ªà¯†à®£à¯ğŸ¤£

#MasterTrailer #Master https://t.co/zDR6EkVRHC"
"4845409880
",1344329584863453189,2020-12-30 17:08:44,"Follow me nanbaz 100 % follow back 

#MasterTrailer #Master https://t.co/VTYJVOltOd"
"872456138440065024
",1344868176715075585,2021-01-01 04:48:54,RT @Itz_MersalImran: Dear Thalapathyans Dont Expect #MasterTrailer Is No More Apdi Vantha Take it illana leave it ğŸ™ Just Wait &amp; Watch Onlyâ€¦
"2356563740
",1344854336220794880,2021-01-01 03:53:54,RT @Actress_Ramya: #MasterTrailer ğŸ”¥ğŸ”¥ğŸ”¥
"2356563740
",1344670521447706625,2020-12-31 15:43:29,"#HAPPYNEWYEAR 
@SAIVIPS1 @actorvijay #HappyNewYear2021 #MasterUpdate #master #MasterTrailer #MasterTeaserâ€¦ https://t.co/WeW7SrqKC0"
"2356563740
",1344293991131435012,2020-12-30 14:47:17,RT @MasterMovieOff: Get Ready for #MasterTrailer ğŸ”¥
"2356563740
",1344293965923663872,2020-12-30 14:47:11,RT @XBFilm: #MasterTrailer Soon...
"1286957503092162560
",1344649492067303424,2020-12-31 14:19:55,"#NewYearWithMaster 

#MasterTrailer Update ğŸ”œ
@XBFilmCreators 
@Dir_Lokesh"
"1286957503092162560
",1344928663897182208,2021-01-01 08:49:15,"RT @AlterEgo_555: ğŸ’“ Suyanalam illatha pothunalamğŸ’–ğŸ’–
Tag potta dash gala kaanomğŸ§ğŸ§

#Master #MasterTrailer #SelflessActorVIJAY https://t.co/Cgâ€¦"
"1286957503092162560
",1344640126140338176,2020-12-31 13:42:42,"Ha ha ğŸ¤ª 

#MasterTrailer #MasterPongal #master https://t.co/UFAGqFOXZ5"
"1286957503092162560
",1344533378784116736,2020-12-31 06:38:32,RT @MasterMovieoffl: #MasterTrailer will come as NewYear Treat on Jan 1st 2021.Trailer Update Soon !!ğŸ”¥
"1286957503092162560
",1344177543994200066,2020-12-30 07:04:34,"*à®®à®¾à®¸à¯à®Ÿà®°à¯* à®à®²à¯à®²à®¾à®¤à¯à®¤à¯ˆà®¯à¯à®®à¯ à®®à®¾à®¤à¯à®¤à¯à®µà®¾à®°à¯ ğŸ”¥
#Master #MasterTrailer #MasterPongal #VijayTheMaster #MasterVIJAYEnteringNorthâ€¦ https://t.co/tcomP8g6o3"
"1286957503092162560
",1344177248358711297,2020-12-30 07:03:24,"à®®à®¿à®°à®Ÿà¯à®Ÿà®²à®¾à®© à®à®Ÿà®¿à®Ÿà¯ğŸ‘ŒğŸ’¥
@actorvijay @VijaySethuOffl
#Master #MasterTrailer #MasterPongal #VijayTheMasterâ€¦ https://t.co/xmVTj5F3hY"
"1286957503092162560
",1343816401283248129,2020-12-29 07:09:31,"à®µà¯†à®±à®¿à®¤à¯à®¤à®©à®®à®¾à®© à®†à®Ÿà¯à®Ÿà®®à¯ à®‡à®°à¯à®•à¯à®•à¯ *à®ªà¯Šà®™à¯à®•à®²à¯à®•à¯à®•à¯*
#MasterUpdate  #Master #MasterTrailer #MasterPongal #VijayTheMasterâ€¦ https://t.co/Bh9a7Bv1e5"
"1286957503092162560
",1343815463763996672,2020-12-29 07:05:48,"à®µà¯†à®±à®¿à®¯à®¿à®©à¯ à®‰à®šà¯à®šà®•à®Ÿà¯à®Ÿà®®à¯ğŸ˜¼ğŸ’¥

#MasterUpdate #MasterPongal #MasterTrailer #MasterManiaSoon #MasterVIJAYEnteringNorthâ€¦ https://t.co/VFMKgEe0qz"
"1286957503092162560
",1344567228226707456,2020-12-31 08:53:02,RT @SSMusicTweet: #MasterTrailer Loading ğŸ”œ !!
"1286957503092162560
",1344302818438463488,2020-12-30 15:22:22,"RT @ThalapathyElam: Regarding #MasterTrailer - A New Brand Poster Will Be Released At 7ï¸âƒ£ PMğŸ”’ğŸ‰

Stay Tuned to @XB_FilmCreator  Keep the Notâ€¦"
"1286957503092162560
",1344302805935222784,2020-12-30 15:22:19,"RT @MasterOfficiaI: #MasterTrailer Confirmed by @Dir_Lokesh in @AnandaVikatan interview ğŸ”¥ 

#MasterTrailerSoon ğŸ”œ @actorvijay"
"1286957503092162560
",1344302787312590850,2020-12-30 15:22:15,RT @MasterOfficiaI: #MasterTrailer will have Dialogues Spoken by Thalapathy @actorvijay ğŸ”¥ #LokeshKanagaraj https://t.co/m7obm9bVxu
"1286957503092162560
",1344302768756953088,2020-12-30 15:22:10,"RT @ThalapathyElam: Get Ready #MasterTrailer Update Announcement Locked ğŸ‘ 

#Master @actorvijay https://t.co/3Fo4OpmICy"
"1286957503092162560
",1344302758329864192,2020-12-30 15:22:08,RT @MasterMovieOff: Get Ready for #MasterTrailer ğŸ”¥
"3503361498
",1344594528402079745,2020-12-31 10:41:31,RT @SSMusicTweet: #MasterTrailer Loading ğŸ”œ !!
"3503361498
",1344594444813803520,2020-12-31 10:41:11,RT @XBFilm: #MasterTrailer Expected ğŸ¤œğŸ¤›
"1329641360509419520
",1343758665879224321,2020-12-29 03:20:06,"RT @MrKettavanOffl: Good Morning frds ;) ğŸ˜ğŸ™

Ellorum Comments Pannunga ğŸŒŸ

#MasterVIJAYEnteringNorth #Master
#MasterTrailer 

Master Teaserâ€¦"
"1329641360509419520
",1344855968589307904,2021-01-01 04:00:23,Almost Source Says #MasterTrailer Is Possible Podu Vediyaa Adraa ğŸ”¥ğŸ’¥ğŸ’¥ğŸ’¥ğŸ’¥ğŸ’¥ #Master @actorvijay Namba Attam Summa Terikkum #Masterpongal
"1329641360509419520
",1344223547175026689,2020-12-30 10:07:22,"#MasterTrailer Confirmed by @Dir_Lokesh in @AnandaVikatan interview ğŸ˜ğŸ˜

#MasterTrailerSoon ğŸ”œ @actorvijay"
"1329641360509419520
",1344912830705766401,2021-01-01 07:46:20,RT @TeluguVijayFans: #MasterTrailer https://t.co/T4iuQQdeDl
"1329641360509419520
",1343874339712630785,2020-12-29 10:59:45,"RT @TVSFC: #MasterTrailer
#MasterManiaSoon 

Nanba are you ready for break all the previous records?? ğŸ’ªğŸ’ª"
"793740241681068032
",1344621621638701058,2020-12-31 12:29:11,"RT @Vicki_Master: Form @actorvijay tweet What You Want for new year !!? 

#NewYear wish  - Favâ¤

#MasterTrailer    - RT ğŸ”

#Master ğŸ˜ @actorâ€¦"
"793740241681068032
",1344706716823216129,2020-12-31 18:07:19,#MasterTrailer ğŸ’¥ğŸ’¥ğŸ’¥
"793740241681068032
",1344720918124191745,2020-12-31 19:03:45,RT @Actress_Ramya: #MasterTrailer ğŸ”¥ğŸ”¥ğŸ”¥
"793740241681068032
",1344719161851711489,2020-12-31 18:56:46,"First pic 2021 
RT pannunga nanba 
50RT varuma .....
#HappyNewYear2021 #Welcome2021 #Master #MasterTrailerâ€¦ https://t.co/lvU6EemQTp"
"793740241681068032
",1344713107961069569,2020-12-31 18:32:43,"ğŸ’ğŸ’HAPPY NEW YEAR MY ALL FRIENDS ğŸ’ğŸ’
#MasterTrailer #MasterTeaserHits1MComments #MasterPongal #HappyNewYear2021â€¦ https://t.co/wvqhTpr0Nn"
"793740241681068032
",1344177543994200066,2020-12-30 07:04:34,"*à®®à®¾à®¸à¯à®Ÿà®°à¯* à®à®²à¯à®²à®¾à®¤à¯à®¤à¯ˆà®¯à¯à®®à¯ à®®à®¾à®¤à¯à®¤à¯à®µà®¾à®°à¯ ğŸ”¥
#Master #MasterTrailer #MasterPongal #VijayTheMaster #MasterVIJAYEnteringNorthâ€¦ https://t.co/tcomP8g6o3"
"793740241681068032
",1344177248358711297,2020-12-30 07:03:24,"à®®à®¿à®°à®Ÿà¯à®Ÿà®²à®¾à®© à®à®Ÿà®¿à®Ÿà¯ğŸ‘ŒğŸ’¥
@actorvijay @VijaySethuOffl
#Master #MasterTrailer #MasterPongal #VijayTheMasterâ€¦ https://t.co/xmVTj5F3hY"
"793740241681068032
",1343816401283248129,2020-12-29 07:09:31,"à®µà¯†à®±à®¿à®¤à¯à®¤à®©à®®à®¾à®© à®†à®Ÿà¯à®Ÿà®®à¯ à®‡à®°à¯à®•à¯à®•à¯ *à®ªà¯Šà®™à¯à®•à®²à¯à®•à¯à®•à¯*
#MasterUpdate  #Master #MasterTrailer #MasterPongal #VijayTheMasterâ€¦ https://t.co/Bh9a7Bv1e5"
"793740241681068032
",1343815463763996672,2020-12-29 07:05:48,"à®µà¯†à®±à®¿à®¯à®¿à®©à¯ à®‰à®šà¯à®šà®•à®Ÿà¯à®Ÿà®®à¯ğŸ˜¼ğŸ’¥

#MasterUpdate #MasterPongal #MasterTrailer #MasterManiaSoon #MasterVIJAYEnteringNorthâ€¦ https://t.co/VFMKgEe0qz"
"793740241681068032
",1344950519932940288,2021-01-01 10:16:06,"RT @MoHaN_official0: #MasterTrailer Update à®µà¯‡à®£à¯à®®à¯ - Like.!

#MasterTralier Update à®µà¯‡à®£à®¾à®®à¯ directa à®ªà®Ÿà®®à¯ à®ªà®¾à®•à¯à®•à®£à¯à®®à¯ - Rt 

#SelflessActorVIJAYâ€¦"
"1332642053725900800
",1344284964376875011,2020-12-30 14:11:25,"RT @KTK_team_: #Master Exclusive Stills HD ğŸ’¥ğŸ”¥â™¥ï¸
#MasterTrailer #MasterPongal 
@actorvijay https://t.co/H5QUSHA2eo"
"1332642053725900800
",1343817607795728385,2020-12-29 07:14:19,"RT @KTK_team_: #MasterTrailer On New Year ğŸ’¥ğŸ’¥

#Master @actorvijay #MasterFromJan13"
"1332642053725900800
",1343799387357552641,2020-12-29 06:01:55,"RT @KTK_team_: #MasterTeaser hits 900K Comments in YouTube ğŸ’¥â¤ğŸ”¥

#Master @actorvijay #MasterTrailer"
"1332642053725900800
",1343763180778995713,2020-12-29 03:38:02,"RT @KTK_team_: #MasterTeaser hits 890K Comments in YouTube ğŸ’¥â¤ğŸ”¥

900k â¡ï¸â¡ï¸LOADING...ğŸ’¥ğŸ”¥

#Master @actorvijay #MasterTrailer"
"1332642053725900800
",1343760288659562496,2020-12-29 03:26:33,"RT @KTK_team_: #MasterTeaser hits 889K Comments in YouTube ğŸ’¥ğŸ”¥ğŸ”¥

900K LOADING...ğŸ˜ğŸ”¥

#Master @actorvijay #MasterTrailer"
"1332642053725900800
",1343757741127417856,2020-12-29 03:16:25,"RT @KTK_team_: #Master update day ğŸ”¥ğŸ˜ğŸ’¥ Enna nanba Redy Ah!! ğŸ˜ğŸ”¥

@actorvijay #MasterTrailer #MasterTheater https://t.co/hvFm2bnlKw"
"1332642053725900800
",1342159161304346626,2020-12-24 17:24:14,"RT @mansoorktr5007: Is there anyone in Online? ğŸ¤”

#5YearsOfBBTwoCountries #42YearsForMogulMOHANLAL #MasterTrailer #MasterPongal https://t.câ€¦"
"1131808808487927808
",1344704939344371712,2020-12-31 18:00:15,"Sambavam kandippa irukku....
Master update
Meet you in theatre na...ğŸ’•ğŸ’•ğŸ’•
#MasterTrailer 
#HappyNewYear2021â€¦ https://t.co/B4mRlCdSD0"
"1131808808487927808
",1344702612403208192,2020-12-31 17:51:00,"Get ready for the trailer update....ğŸ’•ğŸ’•ğŸ’•Be calm and wait....ğŸ”¥ğŸ”¥ğŸ”¥
#MasterTrailer 
#MasterPongal 
#HappyNewYear2021â€¦ https://t.co/KWl6W8w2zz"
"1131808808487927808
",1344678862479740932,2020-12-31 16:16:38,"RT @Harish_1397: Good Night Friendz â™¥ğŸ˜

#MasterTrailer @actorvijay 
#NewYearWithMaster #Master https://t.co/vsZvD9XZr6"
"1131808808487927808
",1343464446690086914,2020-12-28 07:50:59,RT @bussyAnandOff: #MasterTrailer Update Today at 5.00PM ğŸ”¥ğŸ’ª #Master @actorvijay
"1131808808487927808
",1344910496051253248,2021-01-01 07:37:04,"Don't worry guys #MasterTrailer update will come today 6pm 
Appithana nanbans @Akjaiiiii @Jayaprakash8411â€¦ https://t.co/NTEffuFBPf"
"1131808808487927808
",1344714836689580032,2020-12-31 18:39:35,"MASTER team kitta irunthu oru tweet kuda varala na enna artham  
1.00am ku update iruku #Master #MasterTrailer"
"1131808808487927808
",1344899582707134466,2021-01-01 06:53:42,RT @Itz_MersalImran: So Clear ah Teriyudhu #MasterTrailer Illanu Thays Why #Master Team Only Release Posters ğŸ˜’ @actorvijay
"1131808808487927808
",1344574549791150081,2020-12-31 09:22:08,#MasterTrailer Jan 1 Evening 5Pm ğŸ¤œğŸ¤› Waiting For Official Annocement ğŸ˜ŠğŸ”¥ #HappyNewYear2021
"1131808808487927808
",1344574451891855360,2020-12-31 09:21:44,#MasterTrailer Loading ğŸ”œ !!
"1131808808487927808
",1344309438790868992,2020-12-30 15:48:40,"RT @Kollywood_FC: Maththaapu Siripu Maaratha Nadapu Class aana #Master Massuh ğŸ˜âœ¨

#MasterPongal #MasterTrailer #Thalapathy #ThalapathyVijayâ€¦"
"1131808808487927808
",1344547544764878848,2020-12-31 07:34:49,RT @ThalapathyFilms: #MasterTrailer Jan 1 Evening 5Pm ğŸ¤œğŸ¤› Waiting For Official Annocement ğŸ˜ŠğŸ”¥ #HappyNewYear2021
"1131808808487927808
",1344536914724966400,2020-12-31 06:52:35,RT @XBFilm: #MasterTrailer Expected ğŸ¤œğŸ¤›
"1131808808487927808
",1344332691357847553,2020-12-30 17:21:04,"Vaathi Coming ğŸ¤©ğŸ¤©ğŸ¤©
#MasterTrailer  #MasterPongal  #Master https://t.co/y0vgazgOH6"
"1131808808487927808
",1344329752576892931,2020-12-30 17:09:24,"RT @rayappan007: Follow me nanbaz 100 % follow back 

#MasterTrailer #Master https://t.co/VTYJVOltOd"
"1131808808487927808
",1344249456615596032,2020-12-30 11:50:20,"RT @rasiganmaster: #MasterTrailer Update at today evening 6 pm..!! ğŸ˜

Get ready folks ğŸ¤

#Master @actorvijay"
"2428812519
",1344902482380558336,2021-01-01 07:05:13,"@VijaySethuOffl @VijayTrendsPage #Master #Thalapathy65 #MasterTrailer #MasterTeaserHits1MComments 
#MasterPongalâ€¦ https://t.co/EwtWIRgnDx"
"2428812519
",1344902184240988160,2021-01-01 07:04:02,"@AravindAbhiman7 @SSTweeps Monday Alle Meeting . Lets Hope For The Best ğŸ˜‡

#Master #Thalapathy65 #MasterTrailerâ€¦ https://t.co/ljM9jFq8sQ"
"2428812519
",1344759072512331776,2020-12-31 21:35:21,RT @Sakthii_VFC: à®¤à®¿à®Ÿà¯€à®°à¯à®©à¯ à®¤à®²à¯ˆà®µà®©à¯ @actorvijay à®…à®£à¯à®£à®©à¯ à®…à®•à¯à®•à®µà¯à®©à¯à®Ÿà¯à®² à®‡à®°à¯à®¨à¯à®¤à¯ Happy New Year à®¨à®£à¯à®ªà®¾à®©à¯ à®µà®¨à¯à®¤à¯ #MasterTrailer à®²à®¿à®©à¯à®•à¯à®•à¯à®®à¯ à®µà®¨à¯à®¤à®¾ à®à®ªà¯à®ªà¯â€¦
"2428812519
",1344758889451986945,2020-12-31 21:34:38,RT @Actress_Ramya: #MasterTrailer ğŸ”¥ğŸ”¥ğŸ”¥
"2428812519
",1344246283138080774,2020-12-30 11:37:43,"RT @XB_FilmCreator: Get Ready #MasterTrailer Update Announcement Locked ğŸ‘ 

#Master @actorvijay https://t.co/3Fo4OpmICy"
"2428812519
",1305547111358849026,2020-09-14 16:41:01,"ğŸ”¥ğŸ”¥ğŸ”¥
#MasterTrailer  #Thalapathyians https://t.co/NoBeVODGzH"
"2428812519
",1250041812947013632,2020-04-14 12:42:47,"FunğŸ˜‡
#Master 
#MasterTrailer https://t.co/mDz4xuIZKp"
"1113115555446251520
",1343962113555922944,2020-12-29 16:48:32,"RT @MarkBala123: How many fans waiting #Master fdfs ???...

#MasterTrailer #MasterPongal
#MasterFromJan13 ğŸ”¥ğŸ”¥ğŸ”¥

@actorvijay swag ğŸ’¥ğŸ’¥ğŸ’¥ https:/â€¦"
"1113115555446251520
",1343465756843884544,2020-12-28 07:56:11,"#MasterPongal #MasterTrailer  
Inum 4 songs irukku.@anirudhofficial eppo release aagum broo.."
"1113115555446251520
",1343458506356080641,2020-12-28 07:27:22,#MasterTrailer update on the way... Are u ready????????
"1113115555446251520
",1344558310955991047,2020-12-31 08:17:36,RT @XBFilm: #MasterTrailer Expected ğŸ¤œğŸ¤›
"1113115555446251520
",1344511936591843328,2020-12-31 05:13:20,RT @Subesh55627104: #MasterTrailer #Master #MasterPongal #MasterUpdate #ThalapathyVijay #MasterTrailer https://t.co/XrBJFlli4z
"1113115555446251520
",1344643129564045312,2020-12-31 13:54:39,RT @VijayFansCrew: Zelotes Ready to Celebrate #NewYear !! with #MasterTrailer !ğŸ¤© Keep Calm and Keep Guessing @Dir_Lokesh and @Jagadishblissâ€¦
"1113115555446251520
",1344494267599765505,2020-12-31 04:03:07,"RT @VijayFansCrew: Today Celebrations !!ğŸ˜ğŸ”¥

ğŸ¤œ:) #Master Teaser 1M Cmnts !!
ğŸ¤©:) @Dir_Lokesh Exclusive Interview !!
ğŸ¤™ğŸ»:) #MasterTrailer !! ğŸ’¥ğŸ˜"
"1113115555446251520
",1342101528232882179,2020-12-24 13:35:14,"U/AğŸ˜ğŸ˜ 
#MasterPongal 
#MasterOnlyOnTheaters 
#MasterTrailer
#Master 
@actorvijay https://t.co/jg40VgDUxg"
"1113115555446251520
",1344719478685392899,2020-12-31 18:58:02,"RT @suresh_khan143: Tq 96 followers ğŸŠğŸ˜ğŸ‰
New year ku 100ğŸ‰â¤ï¸ğŸŠğŸˆğŸ‰#NewYearWithMaster #NewYear2021 #HappyNewYear2021 #MasterTrailer
#Master #Mastâ€¦"
"1113115555446251520
",1344719315849777152,2020-12-31 18:57:23,"RT @suresh_khan143: Happy New year @KikiVijay 
#NewYearWithMaster #HappyNewYear2021 #Welcome2021 #Master #MasterTrailer
#Master #MasterPongâ€¦"
"1113115555446251520
",1343456247702462465,2020-12-28 07:18:24,"#SaviourOfKollywoodVIJAY #Master 
#MasterTrailer Announcement at 6pm Today âœ”ï¸

Feel the BGM https://t.co/VUXW65obqT"
"1113115555446251520
",1344922468520140803,2021-01-01 08:24:38,"RT @Kettavan__Memes: Pan India Release Without Releasing a Trailer ? #Master ğŸ•´ï¸

@Jagadishbliss @MrRathna @Dir_Lokesh #MasterTrailer !!!"
